S.N.,Date,Total Transactions,Total Traded Shares,Total Traded Amount,Max. Price,Min. Price,Close Price
1,2011-02-10,8,160.00,56960.00,356.00,356.00,356.00
2,2011-02-14,4,40.00,13200.00,339.00,321.00,321.00
3,2011-02-15,4,40.00,11870.00,305.00,289.00,289.00
4,2011-02-17,4,40.00,10710.00,275.00,261.00,261.00
5,2011-02-20,3,30.00,7530.00,256.00,246.00,246.00
6,2011-02-21,2,20.00,4800.00,242.00,238.00,238.00
7,2011-02-22,1,10.00,2270.00,227.00,227.00,227.00
8,2011-02-28,6,70.00,15010.00,220.00,205.00,205.00
9,2011-03-03,1,10.00,1950.00,195.00,195.00,195.00
10,2011-03-09,6,60.00,11130.00,192.00,180.00,180.00
11,2011-03-13,4,60.00,10350.00,177.00,168.00,168.00
12,2011-03-16,74,800.00,123290.00,160.00,152.00,152.00
13,2011-03-17,87,3290.00,458270.00,151.00,137.00,137.00
14,2011-03-20,14,230.00,29870.00,135.00,124.00,124.00
15,2011-03-21,54,710.00,83590.00,123.00,116.00,117.00
16,2011-03-22,63,670.00,78190.00,119.00,115.00,119.00
17,2011-03-23,4,70.00,8430.00,121.00,119.00,121.00
18,2011-03-24,6,80.00,9470.00,119.00,118.00,118.00
19,2011-03-27,2,40.00,4640.00,116.00,116.00,116.00
20,2011-03-28,12,180.00,20590.00,116.00,112.00,112.00
21,2011-03-30,27,310.00,33200.00,110.00,106.00,106.00
22,2011-03-31,2,30.00,3160.00,106.00,104.00,106.00
23,2011-04-04,4,50.00,5340.00,108.00,106.00,108.00
24,2011-04-05,23,300.00,32680.00,112.00,106.00,112.00
25,2011-04-06,19,200.00,22860.00,116.00,113.00,115.00
26,2011-04-07,9,110.00,12930.00,119.00,117.00,119.00
27,2011-04-10,18,320.00,36400.00,117.00,113.00,113.00
28,2011-04-11,31,390.00,43010.00,112.00,107.00,109.00
29,2011-04-13,4,60.00,6600.00,110.00,110.00,110.00
30,2011-04-17,1,10.00,1080.00,108.00,108.00,108.00
31,2011-04-19,4,60.00,6680.00,112.00,110.00,112.00
32,2011-04-20,3,30.00,3330.00,111.00,111.00,111.00
33,2011-04-21,9,90.00,9810.00,110.00,108.00,109.00
34,2011-05-02,3,90.00,9870.00,110.00,109.00,110.00
35,2011-05-03,26,270.00,28880.00,108.00,106.00,107.00
36,2011-05-04,11,110.00,11550.00,105.00,105.00,105.00
37,2011-05-05,2,20.00,2100.00,105.00,105.00,105.00
38,2011-05-08,1,10.00,1030.00,103.00,103.00,103.00
39,2011-05-09,11,120.00,12130.00,102.00,101.00,101.00
40,2011-05-10,1,20.00,2000.00,100.00,100.00,100.00
41,2011-05-11,18,180.00,17950.00,100.00,99.00,100.00
42,2011-05-12,2,20.00,2020.00,101.00,101.00,101.00
43,2011-05-15,5,90.00,9040.00,101.00,100.00,100.00
44,2011-05-16,4,40.00,4030.00,102.00,100.00,101.00
45,2011-05-19,5,50.00,5050.00,101.00,101.00,101.00
46,2011-05-22,16,190.00,19310.00,103.00,101.00,101.00
47,2011-05-23,12,140.00,14220.00,103.00,101.00,101.00
48,2011-05-24,13,190.00,18830.00,100.00,98.00,99.00
49,2011-05-25,1,10.00,990.00,99.00,99.00,99.00
50,2011-05-26,3,30.00,3000.00,100.00,100.00,100.00
51,2011-05-30,10,100.00,10020.00,101.00,99.00,99.00
52,2011-05-31,8,80.00,8000.00,100.00,100.00,100.00
53,2011-06-01,13,150.00,15000.00,100.00,100.00,100.00
54,2011-06-02,5,170.00,16670.00,99.00,98.00,99.00
55,2011-06-05,8,80.00,8000.00,100.00,100.00,100.00
56,2011-06-06,10,200.00,19890.00,100.00,99.00,99.00
57,2011-06-07,1,10.00,1000.00,100.00,100.00,100.00
58,2011-06-08,7,160.00,15820.00,99.00,98.00,99.00
59,2011-06-09,40,1660.00,170640.00,104.00,100.00,104.00
60,2011-06-15,1,10.00,1020.00,102.00,102.00,102.00
61,2011-06-16,1,20.00,2000.00,100.00,100.00,100.00
62,2011-06-21,2,50.00,4900.00,98.00,98.00,98.00
63,2011-06-29,5,50.00,4900.00,98.00,98.00,98.00
64,2011-06-30,35,1390.00,138460.00,102.00,98.00,102.00
65,2011-07-03,20,330.00,33000.00,100.00,100.00,100.00
66,2011-07-04,2,20.00,2000.00,100.00,100.00,100.00
67,2011-07-05,4,70.00,6940.00,100.00,99.00,99.00
68,2011-07-06,5,50.00,4950.00,99.00,99.00,99.00
69,2011-07-11,4,70.00,6810.00,98.00,97.00,97.00
70,2011-07-12,1,60.00,5760.00,96.00,96.00,96.00
71,2011-07-13,11,290.00,28880.00,100.00,98.00,98.00
72,2011-07-19,4,180.00,18040.00,102.00,99.00,102.00
73,2011-07-20,4,40.00,4080.00,102.00,102.00,102.00
74,2011-07-21,17,200.00,19880.00,100.00,98.00,98.00
75,2011-07-24,1,70.00,6930.00,99.00,99.00,99.00
76,2011-07-26,6,60.00,6180.00,104.00,100.00,104.00
77,2011-07-27,15,420.00,43400.00,108.00,101.00,108.00
78,2011-07-28,122,1680.00,185960.00,112.00,106.00,110.00
79,2011-07-31,1,30.00,3240.00,108.00,108.00,108.00
80,2011-08-01,1,10.00,1060.00,106.00,106.00,106.00
81,2011-08-02,2,20.00,2120.00,106.00,106.00,106.00
82,2011-08-04,58,580.00,62620.00,108.00,106.00,108.00
83,2011-08-07,2,20.00,2180.00,109.00,109.00,109.00
84,2011-08-09,4,70.00,7490.00,107.00,107.00,107.00
85,2011-08-10,2,40.00,4200.00,105.00,105.00,105.00
86,2011-08-17,123,1340.00,143360.00,107.00,105.00,107.00
87,2011-08-18,123,1400.00,152420.00,110.00,105.00,110.00
88,2011-08-22,6,60.00,6540.00,109.00,109.00,109.00
89,2011-08-24,4,80.00,8720.00,109.00,109.00,109.00
90,2011-08-25,112,1270.00,139660.00,110.00,107.00,110.00
91,2011-09-04,80,800.00,85610.00,108.00,107.00,107.00
92,2011-09-08,7,140.00,14700.00,105.00,105.00,105.00
93,2011-09-13,74,1160.00,123400.00,107.00,105.00,105.00
94,2011-09-14,26,320.00,33640.00,107.00,103.00,103.00
95,2011-09-15,44,460.00,46820.00,102.00,100.00,102.00
96,2011-09-19,107,1070.00,107080.00,102.00,99.00,99.00
97,2011-09-20,12,160.00,15820.00,100.00,98.00,99.00
98,2011-09-21,1,20.00,1980.00,99.00,99.00,99.00
99,2011-09-22,9,230.00,22350.00,98.00,96.00,98.00
100,2011-09-25,2,60.00,5840.00,98.00,97.00,97.00
101,2011-09-29,10,100.00,9800.00,98.00,98.00,98.00
102,2011-10-10,38,380.00,37240.00,98.00,98.00,98.00
103,2011-10-12,263,2710.00,268290.00,100.00,98.00,98.00
104,2011-10-13,115,1160.00,114740.00,99.00,98.00,98.00
105,2011-10-17,3,60.00,5820.00,97.00,97.00,97.00
106,2011-10-18,5,50.00,4770.00,96.00,95.00,96.00
107,2011-10-23,1,10.00,970.00,97.00,97.00,97.00
108,2011-10-24,3,30.00,2880.00,96.00,96.00,96.00
109,2011-10-25,3,30.00,2880.00,96.00,96.00,96.00
110,2011-11-03,1,20.00,1940.00,97.00,97.00,97.00
111,2011-11-10,2,20.00,1920.00,96.00,96.00,96.00
112,2011-11-13,6,60.00,5660.00,95.00,94.00,94.00
113,2011-11-15,2,50.00,4650.00,93.00,93.00,93.00
114,2011-11-21,1,30.00,2760.00,92.00,92.00,92.00
115,2011-11-22,10,200.00,18600.00,93.00,93.00,93.00
116,2011-11-23,11,110.00,10230.00,93.00,93.00,93.00
117,2011-11-29,7,70.00,6440.00,92.00,92.00,92.00
118,2011-12-01,1,10.00,910.00,91.00,91.00,91.00
119,2012-01-01,5,50.00,4470.00,90.00,89.00,89.00
120,2012-01-02,7,70.00,6140.00,88.00,87.00,87.00
121,2012-01-03,109,2170.00,189790.00,88.00,87.00,88.00
122,2012-01-04,5,230.00,19960.00,88.00,86.00,86.00
123,2012-01-05,2,40.00,3480.00,87.00,87.00,87.00
124,2012-01-17,4,90.00,7740.00,86.00,86.00,86.00
125,2012-01-18,1,2280.00,196080.00,86.00,86.00,86.00
126,2012-01-19,1,50.00,4250.00,85.00,85.00,85.00
127,2012-01-22,10,220.00,18180.00,84.00,82.00,82.00
128,2012-01-23,5,50.00,4150.00,83.00,83.00,83.00
129,2012-01-29,6,110.00,8930.00,82.00,81.00,81.00
130,2012-01-31,4,40.00,3200.00,80.00,80.00,80.00
131,2012-02-02,5,90.00,7320.00,82.00,81.00,82.00
132,2012-02-06,1,10.00,810.00,81.00,81.00,81.00
133,2012-02-07,10,100.00,8000.00,80.00,80.00,80.00
134,2012-02-12,7,140.00,11200.00,80.00,80.00,80.00
135,2012-02-13,1,20.00,1580.00,79.00,79.00,79.00
136,2012-02-16,9,120.00,9390.00,79.00,78.00,78.00
137,2012-02-21,10,100.00,7890.00,79.00,78.00,79.00
138,2012-02-26,1,30.00,2340.00,78.00,78.00,78.00
139,2012-02-27,17,170.00,13090.00,77.00,77.00,77.00
140,2012-02-28,1,50.00,3800.00,76.00,76.00,76.00
141,2012-02-29,1,10.00,770.00,77.00,77.00,77.00
142,2012-03-01,2,20.00,1570.00,79.00,78.00,79.00
143,2012-03-04,1,10.00,800.00,80.00,80.00,80.00
144,2012-03-05,6,60.00,4830.00,82.00,80.00,82.00
145,2012-03-06,14,190.00,16260.00,88.00,83.00,88.00
146,2012-03-11,1,10.00,890.00,89.00,89.00,89.00
147,2012-03-15,4,40.00,3600.00,90.00,90.00,90.00
148,2012-03-19,2,20.00,1770.00,89.00,88.00,89.00
149,2012-03-21,3,30.00,2680.00,90.00,89.00,89.00
150,2012-03-25,6,100.00,8800.00,88.00,88.00,88.00
151,2012-03-27,12,180.00,15590.00,89.00,86.00,89.00
152,2012-04-01,3,30.00,2730.00,92.00,90.00,92.00
153,2012-04-03,2,60.00,5630.00,94.00,93.00,94.00
154,2012-04-05,3,70.00,6580.00,94.00,94.00,94.00
155,2012-04-08,3,50.00,4670.00,94.00,93.00,94.00
156,2012-04-16,3,30.00,2790.00,93.00,93.00,93.00
157,2012-04-17,1,50.00,4700.00,94.00,94.00,94.00
158,2012-04-18,5,100.00,9500.00,95.00,95.00,95.00
159,2012-04-30,1,10.00,960.00,96.00,96.00,96.00
160,2012-05-09,2,20.00,1950.00,98.00,97.00,98.00
161,2012-05-10,1,10.00,990.00,99.00,99.00,99.00
162,2012-05-13,3,150.00,15300.00,104.00,100.00,104.00
163,2012-05-14,4,70.00,7460.00,108.00,106.00,108.00
164,2012-05-15,4,50.00,5620.00,114.00,110.00,114.00
165,2012-05-20,3,120.00,14100.00,120.00,116.00,120.00
166,2012-05-22,3,120.00,14820.00,126.00,122.00,126.00
167,2012-05-23,5,170.00,21660.00,130.00,124.00,130.00
168,2012-05-24,9,150.00,19440.00,132.00,128.00,132.00
169,2012-05-27,3,150.00,20400.00,138.00,134.00,138.00
170,2012-05-30,2,100.00,14100.00,142.00,140.00,142.00
171,2012-06-05,3,30.00,4170.00,139.00,139.00,139.00
172,2012-06-07,1,30.00,4320.00,144.00,144.00,144.00
173,2012-07-16,6,60.00,6860.00,116.00,114.00,114.00
174,2012-09-05,1,40.00,4360.00,109.00,109.00,109.00
175,2012-10-09,8,140.00,14740.00,107.00,105.00,105.00
176,2012-11-01,3,90.00,9450.00,105.00,105.00,105.00
177,2012-11-04,8,210.00,21410.00,103.00,98.00,98.00
178,2012-11-22,7,130.00,12540.00,97.00,96.00,96.00
179,2012-12-09,5,70.00,6720.00,97.00,95.00,95.00
180,2012-12-26,6,140.00,12980.00,93.00,91.00,91.00
181,2013-01-27,15,150.00,13350.00,89.00,89.00,89.00
182,2013-02-27,3,30.00,2620.00,88.00,87.00,87.00
183,2013-02-28,2,50.00,4300.00,86.00,86.00,86.00
184,2013-03-14,2,50.00,4250.00,85.00,85.00,85.00
185,2013-03-19,11,300.00,25050.00,84.00,83.00,84.00
186,2013-03-21,1,30.00,2760.00,92.00,92.00,92.00
187,2013-04-16,1,40.00,2960.00,74.00,74.00,74.00
188,2013-04-28,2,20.00,1480.00,74.00,74.00,74.00
189,2013-05-27,5,150.00,10800.00,73.00,71.00,71.00
190,2013-06-24,4,40.00,2800.00,70.00,70.00,70.00
191,2013-06-25,2,40.00,2800.00,70.00,70.00,70.00
192,2013-06-26,4,274.00,19471.00,72.00,70.00,70.00
193,2013-06-27,6,210.00,14860.00,72.00,70.00,72.00
194,2013-06-30,8,1645.00,125530.00,79.00,73.00,79.00
195,2013-07-01,5,50.00,4000.00,80.00,80.00,80.00
196,2013-07-04,1,10.00,790.00,79.00,79.00,79.00
197,2013-07-08,2,200.00,16100.00,81.00,80.00,81.00
198,2013-07-09,2,80.00,6450.00,81.00,80.00,81.00
199,2013-07-11,1,20.00,1640.00,82.00,82.00,82.00
200,2013-07-18,2,230.00,18770.00,82.00,81.00,82.00
201,2013-07-28,1,175.00,14525.00,83.00,83.00,83.00
202,2013-07-29,2,60.00,4980.00,83.00,83.00,83.00
203,2013-08-01,1,125.00,10375.00,83.00,83.00,83.00
204,2013-08-04,2,20.00,1630.00,82.00,81.00,81.00
205,2013-08-07,2,20.00,1600.00,80.00,80.00,80.00
206,2013-08-11,7,250.00,19750.00,79.00,79.00,79.00
207,2013-08-15,1,10.00,790.00,79.00,79.00,79.00
208,2013-08-25,1,30.00,2400.00,80.00,80.00,80.00
209,2013-08-29,7,70.00,5670.00,81.00,81.00,81.00
210,2013-09-03,1,30.00,2460.00,82.00,82.00,82.00
211,2013-09-05,1,20.00,1660.00,83.00,83.00,83.00
212,2013-09-08,3,40.00,3340.00,84.00,83.00,84.00
213,2013-09-09,1,20.00,1700.00,85.00,85.00,85.00
214,2013-09-22,1,50.00,4200.00,84.00,84.00,84.00
215,2013-09-25,4,302.00,24806.00,83.00,82.00,82.00
216,2013-10-02,6,90.00,7440.00,83.00,82.00,82.00
217,2013-10-09,1,10.00,810.00,81.00,81.00,81.00
218,2013-10-30,1,10.00,800.00,80.00,80.00,80.00
219,2013-11-07,1,30.00,2370.00,79.00,79.00,79.00
220,2013-11-11,1,10.00,790.00,79.00,79.00,79.00
221,2013-11-25,2,50.00,4025.00,81.00,80.00,81.00
222,2013-11-27,2,20.00,1640.00,82.00,82.00,82.00
223,2013-12-02,2,20.00,1670.00,84.00,83.00,84.00
224,2013-12-04,1,54.00,4590.00,85.00,85.00,85.00
225,2013-12-09,3,139.00,12109.00,88.00,86.00,88.00
226,2013-12-12,2,75.00,6718.00,90.00,89.00,90.00
227,2013-12-16,1,54.00,4914.00,91.00,91.00,91.00
228,2013-12-18,2,42.00,3864.00,92.00,92.00,92.00
229,2013-12-19,2,64.00,5952.00,93.00,93.00,93.00
230,2013-12-22,1,43.00,4042.00,94.00,94.00,94.00
231,2014-01-01,1,10.00,950.00,95.00,95.00,95.00
232,2014-01-05,5,94.00,9024.00,96.00,96.00,96.00
233,2014-01-06,1,43.00,4171.00,97.00,97.00,97.00
234,2014-01-07,5,146.00,13976.00,97.00,95.00,96.00
235,2014-01-08,3,96.00,9216.00,96.00,96.00,96.00
236,2014-01-09,6,168.00,15970.00,96.00,95.00,95.00
237,2014-01-12,2,75.00,7093.00,95.00,94.00,95.00
238,2014-01-13,2,68.00,6417.00,95.00,94.00,94.00
239,2014-01-14,8,263.00,24870.00,96.00,94.00,95.00
240,2014-01-16,3,111.00,10774.00,98.00,96.00,98.00
241,2014-01-19,1,54.00,5346.00,99.00,99.00,99.00
242,2014-01-20,1,10.00,1000.00,100.00,100.00,100.00
243,2014-01-21,2,94.00,9400.00,100.00,100.00,100.00
244,2014-01-22,4,73.00,7508.00,104.00,102.00,104.00
245,2014-01-26,1,20.00,2120.00,106.00,106.00,106.00
246,2014-01-27,3,114.00,12576.00,112.00,108.00,112.00
247,2014-01-28,1,27.00,3078.00,114.00,114.00,114.00
248,2014-01-29,4,274.00,32364.00,122.00,116.00,122.00
249,2014-02-02,4,329.00,40602.00,124.00,122.00,122.00
250,2014-02-03,16,586.00,77308.00,134.00,124.00,134.00
251,2014-02-04,2,20.00,2740.00,138.00,136.00,138.00
252,2014-02-05,11,338.00,48240.00,148.00,140.00,148.00
253,2014-02-06,5,314.00,47100.00,150.00,150.00,150.00
254,2014-02-09,4,134.00,19698.00,147.00,147.00,147.00
255,2014-02-12,1,54.00,7830.00,145.00,145.00,145.00
256,2014-02-17,13,777.00,114465.00,149.00,143.00,149.00
257,2014-02-18,6,481.00,70005.00,147.00,145.00,145.00
258,2014-02-24,2,64.00,9162.00,144.00,143.00,144.00
259,2014-02-26,4,40.00,5680.00,142.00,142.00,142.00
260,2014-03-03,5,60.00,8400.00,140.00,140.00,140.00
261,2014-03-05,5,95.00,12928.00,138.00,134.00,134.00
262,2014-03-06,7,145.00,19139.00,134.00,131.00,131.00
263,2014-03-10,18,312.00,39028.00,129.00,122.00,122.00
264,2014-03-11,5,280.00,33816.00,122.00,118.00,122.00
265,2014-03-12,3,179.00,21729.00,122.00,121.00,122.00
266,2014-03-13,1,10.00,1220.00,122.00,122.00,122.00
267,2014-03-17,2,42.00,5103.00,122.00,121.00,121.00
268,2014-03-18,5,282.00,33840.00,120.00,120.00,120.00
269,2014-03-19,1,200.00,23600.00,118.00,118.00,118.00
270,2014-03-20,7,158.00,18223.00,116.00,114.00,115.00
271,2014-03-23,2,162.00,18856.00,118.00,116.00,118.00
272,2014-03-24,2,20.00,2400.00,120.00,120.00,120.00
273,2014-03-26,5,193.00,23652.00,124.00,122.00,122.00
274,2014-03-27,2,119.00,14656.00,124.00,122.00,124.00
275,2014-04-01,1,30.00,3660.00,122.00,122.00,122.00
276,2014-04-03,2,53.00,6424.00,122.00,120.00,120.00
277,2014-04-06,6,110.00,13644.00,126.00,122.00,124.00
278,2014-04-07,7,192.00,23074.00,122.00,118.00,120.00
279,2014-04-09,2,37.00,4460.00,122.00,120.00,122.00
280,2014-04-15,6,70.00,8680.00,124.00,124.00,124.00
281,2014-04-17,12,289.00,37882.00,132.00,126.00,132.00
282,2014-04-20,1,10.00,1320.00,132.00,132.00,132.00
283,2014-04-22,2,34.00,4420.00,130.00,130.00,130.00
284,2014-04-23,9,326.00,43406.00,138.00,130.00,138.00
285,2014-04-27,2,64.00,8950.00,140.00,139.00,140.00
286,2014-04-29,2,100.00,13800.00,138.00,138.00,138.00
287,2014-04-30,3,125.00,16802.00,136.00,134.00,134.00
288,2014-05-05,4,51.00,6612.00,132.00,126.00,126.00
289,2014-05-07,1,43.00,5504.00,128.00,128.00,128.00
290,2014-05-08,3,230.00,29840.00,130.00,128.00,128.00
291,2014-05-11,8,200.00,26862.00,136.00,130.00,136.00
292,2014-05-12,9,166.00,22534.00,136.00,134.00,136.00
293,2014-05-13,9,218.00,29457.00,136.00,135.00,135.00
294,2014-05-18,6,121.00,16503.00,137.00,136.00,137.00
295,2014-05-20,8,222.00,32298.00,150.00,139.00,150.00
296,2014-05-21,16,332.00,52428.00,165.00,150.00,165.00
297,2014-05-22,7,703.00,114264.00,165.00,160.00,165.00
298,2014-05-25,4,323.00,54003.00,168.00,165.00,168.00
299,2014-05-26,6,367.00,62090.00,170.00,168.00,170.00
300,2014-05-27,9,807.00,139050.00,173.00,167.00,171.00
301,2014-06-03,7,177.00,29736.00,168.00,168.00,168.00
302,2014-06-04,6,180.00,29700.00,165.00,165.00,165.00
303,2014-06-05,7,268.00,44102.00,167.00,163.00,164.00
304,2014-06-08,4,292.00,48110.00,167.00,164.00,164.00
305,2014-06-09,1,21.00,3381.00,161.00,161.00,161.00
306,2014-06-10,1,10.00,1580.00,158.00,158.00,158.00
307,2014-06-12,3,244.00,37247.00,155.00,152.00,152.00
308,2014-06-15,4,51.00,7945.00,157.00,155.00,157.00
309,2014-06-16,4,159.00,25440.00,160.00,160.00,160.00
310,2014-06-18,5,111.00,17538.00,158.00,158.00,158.00
311,2014-06-19,1,54.00,8370.00,155.00,155.00,155.00
312,2014-06-17,8,279.00,43631.00,158.00,155.00,0.00
313,2014-06-23,9,391.00,60482.00,155.00,152.00,155.00
314,2014-06-24,9,156.00,23680.00,154.00,151.00,151.00
315,2014-06-25,1,10.00,1540.00,154.00,154.00,154.00
316,2014-06-26,11,198.00,30447.00,157.00,152.00,155.00
317,2014-06-29,4,156.00,23894.00,158.00,152.00,158.00
318,2014-06-30,5,176.00,27280.00,155.00,155.00,155.00
319,2014-07-01,6,224.00,37246.00,170.00,157.00,170.00
320,2014-07-02,2,42.00,7362.00,176.00,173.00,176.00
321,2014-07-03,5,168.00,30381.00,182.00,179.00,180.00
322,2014-07-06,8,955.00,177257.00,186.00,180.00,186.00
323,2014-07-07,7,400.00,72570.00,183.00,180.00,181.00
324,2014-07-08,8,661.00,123616.00,191.00,178.00,191.00
325,2014-07-10,6,248.00,47044.00,194.00,188.00,194.00
326,2014-07-14,14,477.00,93330.00,200.00,191.00,194.00
327,2014-07-15,2,42.00,8022.00,191.00,191.00,191.00
328,2014-07-16,4,407.00,76228.00,188.00,185.00,188.00
329,2014-07-17,1,54.00,9990.00,185.00,185.00,185.00
330,2014-07-20,9,226.00,44171.00,200.00,188.00,200.00
331,2014-07-21,12,227.00,44538.00,200.00,193.00,196.00
332,2014-07-22,8,178.00,37112.00,215.00,199.00,215.00
333,2014-07-23,6,200.00,45176.00,231.00,219.00,231.00
334,2014-07-24,14,850.00,204327.00,243.00,235.00,243.00
335,2014-07-27,3,30.00,7200.00,240.00,240.00,240.00
336,2014-07-28,1,10.00,2430.00,243.00,243.00,243.00
337,2014-07-30,7,2116.00,493994.00,239.00,231.00,231.00
338,2014-07-31,20,1119.00,257488.00,243.00,227.00,240.00
339,2014-08-03,5,61.00,14457.00,240.00,236.00,240.00
340,2014-08-04,3,82.00,19462.00,239.00,236.00,239.00
341,2014-08-05,9,237.00,56436.00,240.00,232.00,232.00
342,2014-08-06,4,164.00,37670.00,230.00,229.00,230.00
343,2014-08-07,3,124.00,28720.00,234.00,226.00,226.00
344,2014-08-12,4,287.00,65770.00,230.00,226.00,226.00
345,2014-08-13,27,406.00,91536.00,226.00,225.00,226.00
346,2014-08-14,5,350.00,79215.00,228.00,224.00,224.00
347,2014-08-18,7,463.00,98028.00,220.00,209.00,209.00
348,2014-08-19,4,608.00,126498.00,214.00,207.00,214.00
349,2014-08-20,5,276.00,56518.00,210.00,202.00,204.00
350,2014-08-21,9,347.00,71427.00,209.00,204.00,207.00
351,2014-08-24,4,107.00,22545.00,211.00,210.00,211.00
352,2014-08-25,2,33.00,6923.00,211.00,207.00,211.00
353,2014-08-26,1,196.00,42140.00,215.00,215.00,215.00
354,2014-08-28,1,126.00,26712.00,212.00,212.00,212.00
355,2014-08-31,1,10.00,2080.00,208.00,208.00,208.00
356,2014-09-01,1,10.00,2040.00,204.00,204.00,204.00
357,2014-09-03,6,281.00,55931.00,200.00,197.00,197.00
358,2014-09-04,3,164.00,31392.00,194.00,189.00,189.00
359,2014-09-07,1,296.00,55056.00,186.00,186.00,186.00
360,2014-09-09,4,139.00,26367.00,192.00,189.00,189.00
361,2014-09-10,3,81.00,15768.00,198.00,192.00,198.00
362,2014-09-11,1,20.00,4000.00,200.00,200.00,200.00
363,2014-09-16,5,231.00,47888.00,208.00,204.00,204.00
364,2014-09-17,1,10.00,2000.00,200.00,200.00,200.00
365,2014-09-22,1,10.00,1970.00,197.00,197.00,197.00
366,2014-09-28,5,61.00,12320.00,204.00,200.00,200.00
367,2014-09-29,1,21.00,4263.00,203.00,203.00,203.00
368,2014-10-09,2,53.00,10484.00,199.00,196.00,196.00
369,2014-10-12,12,203.00,38018.00,193.00,184.00,187.00
370,2014-10-13,3,52.00,9537.00,185.00,182.00,183.00
371,2014-10-14,1,10.00,1860.00,186.00,186.00,186.00
372,2014-10-16,1,62.00,11718.00,189.00,189.00,189.00
373,2014-10-19,1,43.00,7998.00,186.00,186.00,186.00
374,2014-10-20,2,81.00,14865.00,185.00,183.00,185.00
375,2014-10-21,8,179.00,33081.00,189.00,182.00,189.00
376,2014-10-22,1,21.00,3906.00,186.00,186.00,186.00
377,2014-10-28,4,78.00,14736.00,190.00,187.00,190.00
378,2014-10-30,1,30.00,5610.00,187.00,187.00,187.00
379,2014-11-02,3,30.00,5610.00,187.00,187.00,187.00
380,2014-11-03,3,67.00,12820.00,193.00,190.00,193.00
381,2014-11-05,2,50.00,9560.00,192.00,190.00,192.00
382,2014-11-09,16,771.00,144372.00,190.00,186.00,187.00
383,2014-11-10,2,64.00,11776.00,184.00,184.00,184.00
384,2014-11-12,2,118.00,22195.00,190.00,187.00,190.00
385,2014-11-17,2,182.00,34034.00,187.00,187.00,187.00
386,2014-11-18,3,30.00,5610.00,187.00,187.00,187.00
387,2014-11-20,1,109.00,20056.00,184.00,184.00,184.00
388,2014-11-23,1,319.00,57739.00,181.00,181.00,181.00
389,2014-11-24,1,93.00,16554.00,178.00,178.00,178.00
390,2014-11-25,1,57.00,9975.00,175.00,175.00,175.00
391,2014-12-01,9,263.00,44796.00,172.00,170.00,170.00
392,2014-12-02,4,294.00,49929.00,173.00,167.00,170.00
393,2014-12-03,10,865.00,143797.00,169.00,166.00,169.00
394,2014-12-04,1,231.00,39732.00,172.00,172.00,172.00
395,2014-12-07,2,40.00,6760.00,169.00,169.00,169.00
396,2014-12-08,6,104.00,17732.00,172.00,166.00,166.00
397,2014-12-11,11,110.00,18260.00,166.00,166.00,166.00
398,2014-12-22,2,64.00,10816.00,169.00,169.00,169.00
399,2014-12-24,1,76.00,12692.00,167.00,167.00,167.00
400,2014-12-31,1,10.00,1700.00,170.00,170.00,170.00
401,2015-01-01,4,73.00,12284.00,170.00,168.00,170.00
402,2015-01-04,3,85.00,14735.00,176.00,173.00,176.00
403,2015-01-07,1,17.00,3043.00,179.00,179.00,179.00
404,2015-01-08,3,110.00,20290.00,185.00,182.00,185.00
405,2015-01-11,3,120.00,22860.00,191.00,188.00,191.00
406,2015-01-12,7,207.00,42418.00,210.00,194.00,210.00
407,2015-01-13,5,83.00,18162.00,230.00,214.00,230.00
408,2015-01-14,7,213.00,52213.00,251.00,234.00,251.00
409,2015-01-18,18,1071.00,289871.00,276.00,256.00,276.00
410,2015-01-19,1,64.00,17728.00,277.00,277.00,277.00
411,2015-01-20,4,277.00,79476.00,288.00,282.00,287.00
412,2015-01-22,6,607.00,177002.00,295.00,290.00,295.00
413,2015-01-25,7,286.00,83429.00,295.00,289.00,295.00
414,2015-01-26,2,20.00,6000.00,300.00,300.00,300.00
415,2015-01-27,1,10.00,2940.00,294.00,294.00,294.00
416,2015-01-28,3,41.00,11749.00,289.00,284.00,284.00
417,2015-01-29,3,129.00,35346.00,279.00,269.00,269.00
418,2015-02-01,4,188.00,50515.00,275.00,264.00,275.00
419,2015-02-03,2,86.00,23952.00,280.00,276.00,276.00
420,2015-02-04,10,150.00,41380.00,280.00,271.00,280.00
421,2015-02-05,2,195.00,55675.00,290.00,285.00,290.00
422,2015-02-08,1,82.00,23370.00,285.00,285.00,285.00
423,2015-02-09,13,278.00,77520.00,280.00,276.00,276.00
424,2015-02-10,3,133.00,36656.00,277.00,275.00,277.00
425,2015-02-11,5,394.00,110320.00,280.00,280.00,280.00
426,2015-02-12,4,244.00,70720.00,291.00,285.00,291.00
427,2015-02-15,5,127.00,36449.00,287.00,287.00,287.00
428,2015-02-16,3,218.00,62566.00,287.00,287.00,287.00
429,2015-02-18,3,400.00,114000.00,285.00,285.00,285.00
430,2015-02-22,11,443.00,124835.00,284.00,275.00,284.00
431,2015-02-23,2,239.00,68061.00,285.00,284.00,285.00
432,2015-02-24,2,134.00,36975.00,280.00,275.00,275.00
433,2015-02-25,4,189.00,51165.00,275.00,270.00,270.00
434,2015-02-26,7,338.00,98730.00,297.00,275.00,297.00
435,2015-03-01,3,110.00,32500.00,300.00,295.00,300.00
436,2015-03-02,6,360.00,106810.00,306.00,289.00,289.00
437,2015-03-03,2,110.00,31840.00,294.00,289.00,289.00
438,2015-03-09,4,2614.00,755287.00,290.00,284.00,285.00
439,2015-03-10,6,60.00,17100.00,285.00,285.00,285.00
440,2015-03-11,6,127.00,35939.00,288.00,281.00,288.00
441,2015-03-12,28,5363.00,1682421.00,316.00,286.00,316.00
442,2015-03-15,4,80.00,24260.00,310.00,298.00,298.00
443,2015-03-16,9,720.00,205175.00,293.00,283.00,283.00
444,2015-03-17,3,138.00,40199.00,293.00,283.00,293.00
445,2015-03-18,4,718.00,215018.00,300.00,298.00,300.00
446,2015-03-19,5,625.00,188580.00,302.00,300.00,300.00
447,2015-03-23,2,157.00,46315.00,295.00,295.00,295.00
448,2015-03-24,2,138.00,40020.00,290.00,290.00,290.00
449,2015-03-29,1,50.00,14400.00,288.00,288.00,288.00
450,2015-03-30,3,140.00,39840.00,286.00,283.00,286.00
451,2015-03-31,1,10.00,2910.00,291.00,291.00,291.00
452,2015-04-01,7,766.00,218754.00,290.00,281.00,285.00
453,2015-04-02,2,74.00,21190.00,290.00,285.00,290.00
454,2015-04-05,4,140.00,41080.00,294.00,292.00,292.00
455,2015-04-06,1,30.00,8610.00,287.00,287.00,287.00
456,2015-04-07,2,64.00,18048.00,282.00,282.00,282.00
457,2015-04-09,4,195.00,56890.00,292.00,287.00,292.00
458,2015-04-12,12,1266.00,389975.00,310.00,297.00,310.00
459,2015-04-15,1,10.00,3140.00,314.00,314.00,314.00
460,2015-04-20,2,37.00,11369.00,308.00,307.00,307.00
461,2015-04-21,3,155.00,46665.00,302.00,301.00,302.00
462,2015-04-23,1,10.00,2960.00,296.00,296.00,296.00
463,2015-05-27,1,10.00,2910.00,291.00,291.00,291.00
464,2015-05-31,2,20.00,5670.00,286.00,281.00,281.00
465,2015-06-03,2,321.00,87126.00,276.00,271.00,271.00
466,2015-06-04,2,682.00,185411.00,273.00,268.00,273.00
467,2015-06-07,6,235.00,63785.00,276.00,268.00,276.00
468,2015-06-09,2,51.00,14331.00,281.00,281.00,281.00
469,2015-06-15,2,59.00,16444.00,281.00,276.00,281.00
470,2015-06-16,7,717.00,198233.00,281.00,272.00,277.00
471,2015-06-17,18,469.00,135367.00,293.00,272.00,288.00
472,2015-06-18,2,285.00,82282.00,290.00,288.00,288.00
473,2015-06-21,2,20.00,5660.00,283.00,283.00,283.00
474,2015-06-23,4,94.00,26913.00,288.00,285.00,285.00
475,2015-06-24,1,10.00,2840.00,284.00,284.00,284.00
476,2015-06-28,3,425.00,115177.00,279.00,270.00,270.00
477,2015-06-29,4,233.00,64298.00,277.00,275.00,275.00
478,2015-06-30,4,73.00,20290.00,280.00,275.00,280.00
479,2015-07-01,1,400.00,114000.00,285.00,285.00,285.00
480,2015-07-02,2,164.00,46412.00,283.00,283.00,283.00
481,2015-07-05,5,67.00,18857.00,283.00,278.00,283.00
482,2015-07-06,1,20.00,5660.00,283.00,283.00,283.00
483,2015-07-07,1,21.00,5880.00,280.00,280.00,280.00
484,2015-07-08,1,21.00,5985.00,285.00,285.00,285.00
485,2015-07-12,3,47.00,13600.00,295.00,285.00,295.00
486,2015-07-13,1,21.00,6300.00,300.00,300.00,300.00
487,2015-07-14,4,197.00,59130.00,303.00,300.00,300.00
488,2015-07-15,4,175.00,52158.00,306.00,294.00,294.00
489,2015-07-16,2,86.00,25320.00,295.00,290.00,295.00
490,2015-07-22,4,918.00,275420.00,301.00,300.00,301.00
491,2015-07-23,8,586.00,181644.00,319.00,300.00,313.00
492,2015-07-27,5,1630.00,521650.00,325.00,319.00,319.00
493,2015-07-28,1,20.00,6280.00,314.00,314.00,314.00
494,2015-07-29,1,149.00,46190.00,310.00,310.00,310.00
495,2015-07-30,6,193.00,60892.00,318.00,310.00,315.00
496,2015-08-02,7,111.00,34511.00,311.00,310.00,311.00
497,2015-08-03,4,57.00,17412.00,306.00,305.00,305.00
498,2015-08-04,10,100.00,30600.00,308.00,303.00,308.00
499,2015-08-05,6,247.00,77210.00,314.00,308.00,310.00
500,2015-08-06,6,933.00,295857.00,320.00,309.00,309.00
501,2015-08-09,1,91.00,28665.00,315.00,315.00,315.00
502,2015-08-11,7,191.00,58310.00,310.00,304.00,304.00
503,2015-08-12,2,64.00,18967.00,298.00,293.00,293.00
504,2015-08-13,1,164.00,47560.00,290.00,290.00,290.00
505,2015-08-16,6,60.00,17100.00,285.00,285.00,285.00
506,2015-08-17,3,195.00,57370.00,295.00,290.00,290.00
507,2015-08-18,6,2148.00,619497.00,290.00,280.00,285.00
508,2015-08-19,3,30.00,8470.00,285.00,281.00,281.00
509,2015-08-20,11,292.00,81886.00,285.00,276.00,283.00
510,2015-08-23,13,908.00,259026.00,288.00,283.00,283.00
511,2015-09-03,4,40.00,11770.00,298.00,288.00,298.00
512,2015-09-09,5,50.00,15750.00,327.00,303.00,327.00
513,2015-09-10,6,70.00,23920.00,358.00,333.00,358.00
514,2015-09-13,7,1082.00,424456.00,393.00,365.00,393.00
515,2015-09-14,5,140.00,55990.00,400.00,399.00,400.00
516,2015-09-15,4,120.00,49040.00,416.00,408.00,416.00
517,2015-09-16,4,130.00,53650.00,424.00,410.00,424.00
518,2015-09-29,3,30.00,12240.00,416.00,400.00,400.00
519,2015-09-30,3,130.00,51060.00,393.00,392.00,393.00
520,2015-10-05,3,30.00,11370.00,386.00,372.00,372.00
521,2015-10-06,1,300.00,109500.00,365.00,365.00,365.00
522,2015-10-07,4,50.00,17410.00,358.00,344.00,344.00
523,2015-10-08,2,708.00,240304.00,340.00,338.00,340.00
524,2015-10-11,2,40.00,13960.00,352.00,346.00,352.00
525,2015-10-14,1,52.00,18668.00,359.00,359.00,359.00
526,2015-10-15,1,10.00,3660.00,366.00,366.00,366.00
527,2015-11-02,1,10.00,3730.00,373.00,373.00,373.00
528,2015-11-04,4,550.00,191850.00,366.00,345.00,345.00
529,2015-11-08,2,458.00,157860.00,345.00,339.00,345.00
530,2015-11-16,1,290.00,98310.00,339.00,339.00,339.00
531,2015-11-23,2,340.00,111780.00,333.00,327.00,327.00
532,2015-11-24,4,403.00,128375.00,321.00,316.00,317.00
533,2015-12-01,3,88.00,28922.00,335.00,323.00,335.00
534,2015-12-02,1,37.00,12580.00,340.00,340.00,340.00
535,2015-12-08,4,82.00,23138.00,289.00,275.00,289.00
536,2015-12-14,2,220.00,65480.00,298.00,294.00,298.00
537,2015-12-16,1,20.00,6060.00,303.00,303.00,303.00
538,2015-12-31,1,300.00,89100.00,297.00,297.00,297.00
539,2016-01-07,1,130.00,38220.00,294.00,294.00,294.00
540,2016-01-10,1,32.00,9280.00,290.00,290.00,290.00
541,2016-01-11,2,354.00,104345.00,295.00,290.00,290.00
542,2016-01-12,1,500.00,147500.00,295.00,295.00,295.00
543,2016-01-14,2,524.00,157200.00,300.00,300.00,300.00
544,2016-01-17,1,200.00,61200.00,306.00,306.00,306.00
545,2016-01-18,4,200.00,60146.00,301.00,300.00,300.00
546,2016-01-24,2,20.00,6180.00,312.00,306.00,312.00
547,2016-01-25,2,250.00,79000.00,316.00,316.00,316.00
548,2016-02-01,8,3272.00,1041308.00,335.00,315.00,335.00
549,2016-02-02,18,3091.00,1074517.00,359.00,340.00,345.00
550,2016-02-03,4,1253.00,430560.00,351.00,339.00,351.00
551,2016-02-04,6,728.00,259824.00,358.00,355.00,355.00
552,2016-02-07,1,200.00,69600.00,348.00,348.00,348.00
553,2016-02-08,1,64.00,22656.00,354.00,354.00,354.00
554,2016-02-14,2,112.00,38504.00,347.00,341.00,341.00
555,2016-02-17,1,50.00,16750.00,335.00,335.00,335.00
556,2016-02-18,1,100.00,33200.00,332.00,332.00,332.00
557,2016-02-22,3,1099.00,373442.00,340.00,338.00,340.00
558,2016-02-23,3,100.00,32980.00,334.00,328.00,328.00
559,2016-02-24,1,200.00,65600.00,328.00,328.00,328.00
560,2016-02-28,4,1063.00,354727.00,334.00,329.00,329.00
561,2016-02-29,8,2581.00,890492.00,350.00,330.00,346.00
562,2016-03-02,1,270.00,94500.00,350.00,350.00,350.00
563,2016-03-17,1,500.00,171500.00,343.00,343.00,343.00
564,2016-03-20,1,500.00,170000.00,340.00,340.00,340.00
565,2016-03-23,4,1154.00,392614.00,345.00,335.00,345.00
566,2016-03-24,1,500.00,171000.00,342.00,342.00,342.00
567,2016-03-27,4,1100.00,367000.00,336.00,330.00,330.00
568,2016-03-30,1,82.00,27060.00,330.00,330.00,330.00
569,2016-04-10,3,110.00,35610.00,324.00,321.00,321.00
570,2016-04-11,1,10.00,3180.00,318.00,318.00,318.00
571,2016-04-12,3,1018.00,329952.00,330.00,324.00,324.00
572,2016-04-14,1,20.00,6600.00,330.00,330.00,330.00
573,2016-04-17,2,400.00,130800.00,330.00,324.00,330.00
574,2016-04-18,1,10.00,3300.00,330.00,330.00,330.00
575,2016-04-19,3,320.00,107770.00,338.00,332.00,338.00
576,2016-04-20,3,123.00,41494.00,338.00,335.00,336.00
577,2016-04-25,2,220.00,75360.00,348.00,342.00,348.00
578,2016-04-26,14,3138.00,1167242.00,382.00,354.00,370.00
579,2016-04-27,2,185.00,68380.00,370.00,363.00,363.00
580,2016-04-28,9,2436.00,930768.00,391.00,370.00,377.00
581,2016-05-03,5,730.00,276648.00,384.00,373.00,373.00
582,2016-05-04,3,83.00,30933.00,375.00,369.00,369.00
583,2016-05-05,4,1162.00,435928.00,382.00,362.00,382.00
584,2016-05-09,1,40.00,15320.00,383.00,383.00,383.00
585,2016-05-10,4,583.00,225432.00,389.00,377.00,389.00
586,2016-05-11,5,1317.00,513632.00,396.00,385.00,385.00
587,2016-05-12,1,200.00,78400.00,392.00,392.00,392.00
588,2016-05-15,4,930.00,365740.00,395.00,388.00,395.00
589,2016-05-16,3,1200.00,467000.00,390.00,385.00,385.00
590,2016-05-17,4,800.00,307400.00,385.00,380.00,384.00
591,2016-05-19,6,1400.00,523600.00,377.00,370.00,371.00
592,2016-05-22,11,900.00,351499.00,396.00,375.00,392.00
593,2016-05-23,8,1440.00,580942.00,411.00,392.00,411.00
594,2016-05-24,9,1170.00,467770.00,403.00,392.00,392.00
595,2016-05-25,3,750.00,299050.00,399.00,398.00,399.00
596,2016-05-26,1,191.00,74872.00,392.00,392.00,392.00
597,2016-05-30,8,597.00,230562.00,393.00,385.00,385.00
598,2016-05-31,1,21.00,7938.00,378.00,378.00,378.00
599,2016-06-02,1,96.00,36960.00,385.00,385.00,385.00
600,2016-06-05,6,448.00,171045.00,385.00,371.00,385.00
601,2016-06-06,1,100.00,37800.00,378.00,378.00,378.00
602,2016-06-07,7,302.00,119370.00,405.00,385.00,392.00
603,2016-06-09,1,110.00,43450.00,395.00,395.00,395.00
604,2016-06-12,4,1004.00,398988.00,399.00,395.00,399.00
605,2016-06-13,1,1500.00,588000.00,392.00,392.00,392.00
606,2016-06-14,4,1704.00,672176.00,395.00,394.00,394.00
607,2016-06-15,15,3250.00,1377602.00,433.00,399.00,430.00
608,2016-06-16,4,520.00,228570.00,446.00,435.00,446.00
609,2016-06-19,8,1550.00,732350.00,485.00,454.00,485.00
610,2016-06-20,11,2476.00,1184554.00,480.00,471.00,480.00
611,2016-06-21,8,1531.00,763993.00,514.00,488.00,514.00
612,2016-06-22,12,1790.00,968910.00,565.00,524.00,539.00
613,2016-06-23,3,480.00,258000.00,539.00,529.00,531.00
614,2016-06-26,2,1368.00,702728.00,521.00,511.00,511.00
615,2016-06-27,3,1140.00,574000.00,505.00,501.00,505.00
616,2016-06-29,1,10.00,4950.00,495.00,495.00,495.00
617,2016-06-30,1,86.00,41796.00,486.00,486.00,486.00
618,2016-07-03,2,196.00,93652.00,482.00,477.00,482.00
619,2016-07-04,3,1427.00,704507.00,495.00,485.00,495.00
620,2016-07-05,2,520.00,261580.00,504.00,494.00,494.00
621,2016-07-06,10,3456.00,1712813.00,500.00,486.00,500.00
622,2016-07-10,5,1481.00,742619.00,503.00,495.00,503.00
623,2016-07-11,4,2193.00,1082229.00,499.00,493.00,493.00
624,2016-07-12,3,251.00,121761.00,486.00,485.00,485.00
625,2016-07-17,7,2466.00,1244605.00,510.00,494.00,510.00
626,2016-07-18,3,373.00,188495.00,515.00,505.00,505.00
627,2016-07-19,4,177.00,88527.00,501.00,500.00,500.00
628,2016-07-20,9,2528.00,1270625.00,505.00,495.00,500.00
629,2016-07-21,17,9310.00,4846361.00,548.00,500.00,548.00
630,2016-07-25,17,6998.00,4086517.00,602.00,555.00,602.00
631,2016-07-26,26,5470.00,3348899.00,638.00,590.00,638.00
632,2016-07-27,7,2190.00,1389899.00,647.00,618.00,618.00
633,2016-07-28,3,812.00,507488.00,625.00,624.00,625.00
634,2016-07-31,4,1039.00,631985.00,615.00,600.00,605.00
635,2016-08-01,5,2500.00,1457000.00,593.00,572.00,572.00
636,2016-08-02,6,2172.00,1247086.00,583.00,563.00,563.00
637,2016-08-03,4,671.00,386708.00,581.00,552.00,581.00
638,2016-08-04,23,6648.00,3970750.00,615.00,580.00,610.00
639,2016-08-07,16,1839.00,1186476.00,671.00,622.00,671.00
640,2016-08-08,10,610.00,396157.00,660.00,645.00,647.00
641,2016-08-10,2,106.00,67310.00,635.00,635.00,635.00
642,2016-08-11,4,147.00,91552.00,625.00,613.00,613.00
643,2016-08-14,5,1500.00,915500.00,615.00,595.00,595.00
644,2016-08-15,5,319.00,185675.00,585.00,573.00,585.00
645,2016-08-16,11,2607.00,1562476.00,605.00,595.00,600.00
646,2016-08-17,4,575.00,354250.00,620.00,610.00,616.00
647,2016-08-21,1,30.00,18120.00,604.00,604.00,604.00
648,2016-08-22,2,2800.00,1647590.00,592.00,585.00,585.00
649,2016-08-23,28,8014.00,4974019.00,643.00,596.00,643.00
650,2016-08-24,22,4745.00,3115867.00,683.00,643.00,682.00
651,2016-08-28,11,2906.00,1954127.00,680.00,670.00,671.00
652,2016-08-29,2,33.00,21545.00,658.00,645.00,645.00
653,2016-08-30,3,421.00,281509.00,670.00,657.00,670.00
654,2016-08-31,11,2027.00,1371933.00,683.00,661.00,683.00
655,2016-09-01,6,387.00,262641.00,693.00,675.00,675.00
656,2016-09-04,4,390.00,265014.00,680.00,675.00,675.00
657,2016-09-05,5,1260.00,858150.00,688.00,675.00,675.00
658,2016-09-06,8,1585.00,1061035.00,680.00,663.00,680.00
659,2016-09-07,5,334.00,220712.00,681.00,655.00,655.00
660,2016-09-08,4,628.00,413762.00,660.00,650.00,651.00
661,2016-09-11,13,1770.00,1157800.00,660.00,650.00,660.00
662,2016-09-12,5,1548.00,1027024.00,670.00,660.00,665.00
663,2016-09-14,11,1182.00,778100.00,665.00,652.00,652.00
664,2016-09-18,4,189.00,119664.00,640.00,630.00,630.00
665,2016-09-20,3,160.00,100437.00,630.00,619.00,619.00
666,2016-09-21,4,164.00,101804.00,634.00,610.00,634.00
667,2016-09-22,7,391.00,239520.00,622.00,600.00,622.00
668,2016-09-25,3,255.00,159490.00,634.00,622.00,622.00
669,2016-09-27,4,207.00,130566.00,640.00,622.00,640.00
670,2016-09-28,2,340.00,213600.00,630.00,628.00,630.00
671,2016-09-29,1,26.00,16250.00,625.00,625.00,625.00
672,2016-10-02,3,600.00,386900.00,649.00,637.00,649.00
673,2016-10-03,1,40.00,26440.00,661.00,661.00,661.00
674,2016-10-04,2,82.00,53628.00,660.00,648.00,660.00
675,2016-10-06,1,81.00,53460.00,660.00,660.00,660.00
676,2016-10-16,7,2950.00,1963430.00,673.00,660.00,660.00
677,2016-10-17,1,40.00,26000.00,650.00,650.00,650.00
678,2016-10-18,1,400.00,258000.00,645.00,645.00,645.00
679,2016-10-19,2,113.00,70329.00,633.00,621.00,621.00
680,2016-10-20,2,2000.00,1207000.00,609.00,598.00,598.00
681,2016-10-23,3,133.00,82440.00,624.00,600.00,624.00
682,2016-10-24,2,600.00,369300.00,618.00,615.00,618.00
683,2016-10-25,1,500.00,303500.00,607.00,607.00,607.00
684,2016-10-26,2,1000.00,612500.00,615.00,610.00,615.00
685,2016-10-27,2,513.00,312995.00,615.00,610.00,610.00
686,2016-11-03,1,41.00,24600.00,600.00,600.00,600.00
687,2016-11-07,5,157.00,95888.00,615.00,605.00,605.00
688,2016-11-08,3,1250.00,778200.00,636.00,612.00,636.00
689,2016-11-09,8,1918.00,1225562.00,640.00,636.00,638.00
690,2016-11-10,8,2091.00,1320212.00,632.00,630.00,630.00
691,2016-11-13,5,1103.00,705560.00,640.00,628.00,640.00
692,2016-11-15,4,850.00,546900.00,650.00,637.00,637.00
693,2016-11-16,1,430.00,279070.00,649.00,649.00,649.00
694,2016-11-17,18,4343.00,2869703.00,672.00,638.00,658.00
695,2016-11-20,52,9303.00,6077596.00,663.00,645.00,650.00
696,2016-11-21,40,4731.00,3064217.00,661.00,637.00,648.00
697,2016-11-22,42,4920.00,3115240.00,650.00,616.00,628.00
698,2016-11-23,19,2361.00,1477063.00,632.00,621.00,629.00
699,2016-11-24,38,3226.00,2101701.00,676.00,631.00,663.00
700,2016-11-27,4,521.00,285112.00,550.00,542.00,548.00
701,2016-11-28,1,50.00,26900.00,538.00,538.00,538.00
702,2016-11-29,4,622.00,329860.00,540.00,528.00,540.00
703,2016-11-30,8,840.00,454180.00,550.00,535.00,535.00
704,2016-12-01,6,1210.00,649730.00,545.00,533.00,533.00
705,2016-12-04,1,100.00,54300.00,543.00,543.00,543.00
706,2016-12-05,5,315.00,172475.00,549.00,545.00,545.00
707,2016-12-06,3,450.00,251750.00,560.00,555.00,560.00
708,2016-12-07,5,482.00,267620.00,560.00,545.00,545.00
709,2016-12-11,3,123.00,67633.00,552.00,541.00,541.00
710,2016-12-12,3,212.00,111662.00,531.00,524.00,531.00
711,2016-12-14,3,80.00,42410.00,531.00,530.00,530.00
712,2016-12-15,2,256.00,136992.00,540.00,532.00,540.00
713,2016-12-18,5,561.00,314386.00,571.00,550.00,565.00
714,2016-12-19,13,1466.00,822210.00,573.00,555.00,555.00
715,2016-12-20,1,210.00,115080.00,548.00,548.00,548.00
716,2016-12-21,5,418.00,225948.00,545.00,536.00,545.00
717,2016-12-22,6,399.00,221275.00,566.00,545.00,566.00
718,2016-12-27,4,350.00,188580.00,555.00,530.00,530.00
719,2016-12-28,3,161.00,85430.00,535.00,530.00,530.00
720,2016-12-29,3,36.00,19500.00,545.00,540.00,540.00
721,2017-01-02,3,150.00,82000.00,550.00,545.00,545.00
722,2017-01-08,1,50.00,26750.00,535.00,535.00,535.00
723,2017-01-09,2,34.00,18214.00,536.00,535.00,536.00
724,2017-01-11,4,52.00,27222.00,526.00,516.00,516.00
725,2017-01-17,1,15.00,7890.00,526.00,526.00,526.00
726,2017-01-18,3,54.00,28364.00,526.00,525.00,525.00
727,2017-01-19,2,78.00,40540.00,525.00,515.00,515.00
728,2017-01-22,3,190.00,97235.00,520.00,510.00,520.00
729,2017-01-30,1,20.00,10200.00,510.00,510.00,510.00
730,2017-02-01,3,170.00,88500.00,530.00,520.00,530.00
731,2017-02-07,1,100.00,52000.00,520.00,520.00,520.00
732,2017-02-20,1,10.00,5300.00,530.00,530.00,530.00
733,2017-03-02,1,20.00,10400.00,520.00,520.00,520.00
734,2017-03-06,1,100.00,51000.00,510.00,510.00,510.00
735,2017-03-09,2,30.00,15000.00,500.00,500.00,500.00
736,2017-03-21,1,79.00,38710.00,490.00,490.00,490.00
737,2017-03-22,6,277.00,135082.00,494.00,484.00,490.00
738,2017-03-23,3,403.00,195192.00,485.00,480.00,485.00
739,2017-03-26,4,200.00,98400.00,494.00,486.00,486.00
740,2017-03-28,1,1370.00,678150.00,495.00,495.00,495.00
741,2017-03-29,6,552.00,289970.00,540.00,500.00,540.00
742,2017-03-30,12,971.00,536345.00,572.00,530.00,530.00
743,2017-04-02,2,600.00,324000.00,540.00,540.00,540.00
744,2017-04-03,12,1775.00,979834.00,561.00,540.00,541.00
745,2017-04-04,8,588.00,317978.00,550.00,537.00,550.00
746,2017-04-06,3,132.00,70960.00,540.00,530.00,530.00
747,2017-04-09,7,1370.00,707900.00,520.00,515.00,515.00
748,2017-04-10,8,2393.00,1221113.00,515.00,505.00,515.00
749,2017-04-11,8,819.00,430115.00,540.00,515.00,540.00
750,2017-04-12,34,4632.00,2684241.00,594.00,540.00,576.00
751,2017-04-13,1,37.00,21719.00,587.00,587.00,587.00
752,2017-04-18,3,1579.00,912662.00,579.00,576.00,579.00
753,2017-04-19,3,224.00,127680.00,575.00,568.00,568.00
754,2017-04-20,6,277.00,158989.00,578.00,570.00,572.00
755,2017-04-23,8,766.00,446738.00,594.00,575.00,583.00
756,2017-04-24,3,370.00,216260.00,594.00,583.00,583.00
757,2017-04-25,50,5758.00,3624043.00,641.00,594.00,641.00
758,2017-04-26,70,10953.00,7593684.00,705.00,653.00,681.00
759,2017-04-27,25,3060.00,2038080.00,685.00,657.00,660.00
760,2017-04-30,31,5510.00,3493440.00,673.00,616.00,628.00
761,2017-05-02,69,14771.00,8774688.00,628.00,578.00,620.00
762,2017-05-03,14,2003.00,1256885.00,644.00,615.00,618.00
763,2017-05-04,23,2482.00,1493244.00,625.00,593.00,610.00
764,2017-05-07,25,5570.00,3249280.00,622.00,579.00,580.00
765,2017-05-08,36,6113.00,3471787.00,601.00,548.00,562.00
766,2017-05-09,27,4521.00,2595920.00,595.00,562.00,575.00
767,2017-05-11,27,8833.00,5145316.00,591.00,575.00,585.00
768,2017-05-15,7,1850.00,1081100.00,586.00,580.00,580.00
769,2017-05-16,18,3190.00,1806687.00,573.00,562.00,562.00
770,2017-05-17,7,351.00,201045.00,573.00,573.00,573.00
771,2017-05-18,11,1414.00,822391.00,595.00,565.00,595.00
772,2017-05-21,4,456.00,267284.00,595.00,582.00,589.00
773,2017-05-22,7,1350.00,795300.00,595.00,585.00,589.00
774,2017-05-23,25,12403.00,7282169.00,612.00,580.00,600.00
775,2017-05-24,22,1696.00,1013187.00,607.00,580.00,604.00
776,2017-05-28,46,8831.00,5397753.00,624.00,607.00,607.00
777,2017-05-30,62,7305.00,4464815.00,618.00,608.00,609.00
778,2017-05-31,29,3158.00,1916258.00,612.00,600.00,610.00
779,2017-06-01,13,1194.00,724202.00,613.00,602.00,602.00
780,2017-06-04,11,869.00,521681.00,602.00,600.00,600.00
781,2017-06-05,12,1971.00,1192851.00,610.00,601.00,607.00
782,2017-06-06,24,2748.00,1669551.00,614.00,601.00,614.00
783,2017-06-07,11,3464.00,2085590.00,616.00,598.00,605.00
784,2017-06-08,9,1210.00,724650.00,601.00,593.00,600.00
785,2017-06-11,8,790.00,468470.00,600.00,585.00,585.00
786,2017-06-12,33,9060.00,5143500.00,587.00,559.00,563.00
787,2017-06-13,11,1510.00,851342.00,587.00,560.00,587.00
788,2017-06-14,27,10040.00,5598550.00,576.00,555.00,555.00
789,2017-06-15,43,16650.00,9164140.00,570.00,545.00,570.00
790,2017-06-18,11,5926.00,3297710.00,568.00,555.00,555.00
791,2017-06-20,3,135.00,74380.00,560.00,549.00,549.00
792,2017-06-21,8,2860.00,1590940.00,562.00,549.00,562.00
793,2017-06-22,6,384.00,216506.00,567.00,555.00,566.00
794,2017-06-25,80,17820.00,9579326.00,570.00,525.00,549.00
795,2017-06-27,75,9289.00,5135286.00,564.00,544.00,554.00
796,2017-06-28,49,4219.00,2341702.00,560.00,550.00,555.00
797,2017-07-02,151,14976.00,7860639.00,560.00,510.00,511.00
798,2017-07-03,15,1574.00,368478.00,239.00,231.00,231.00
799,2017-07-04,8,1670.00,390020.00,239.00,231.00,231.00
800,2017-07-05,1,28.00,6468.00,231.00,231.00,231.00
801,2017-07-09,4,550.00,127950.00,235.00,230.00,230.00
802,2017-07-10,3,255.00,59050.00,234.00,230.00,234.00
803,2017-07-11,4,225.00,52375.00,235.00,231.00,231.00
804,2017-07-12,5,1325.00,310325.00,236.00,229.00,236.00
805,2017-07-13,4,210.00,49140.00,234.00,234.00,234.00
806,2017-07-16,4,420.00,97270.00,233.00,230.00,230.00
807,2017-07-18,15,5285.00,1215430.00,238.00,226.00,235.00
808,2017-07-19,5,710.00,165210.00,239.00,231.00,231.00
809,2017-07-20,5,1667.00,378062.00,230.00,226.00,230.00
810,2017-07-23,8,1915.00,440610.00,234.00,227.00,230.00
811,2017-07-24,3,165.00,37820.00,230.00,228.00,228.00
812,2017-07-25,6,491.00,114061.00,234.00,230.00,234.00
813,2017-07-26,6,527.00,122090.00,234.00,228.00,228.00
814,2017-07-27,8,2019.00,464117.00,233.00,228.00,228.00
815,2017-07-30,2,115.00,26275.00,229.00,225.00,229.00
816,2017-07-31,7,960.00,217376.00,227.00,225.00,227.00
817,2017-08-01,4,300.00,67500.00,225.00,225.00,225.00
818,2017-08-02,5,420.00,94960.00,228.00,225.00,228.00
819,2017-08-03,2,250.00,58000.00,232.00,232.00,232.00
820,2017-08-06,2,220.00,50500.00,230.00,229.00,229.00
821,2017-08-07,5,332.00,76076.00,230.00,229.00,229.00
822,2017-08-09,5,550.00,124150.00,229.00,225.00,225.00
823,2017-08-10,2,250.00,55950.00,225.00,222.00,225.00
824,2017-08-13,2,249.00,54833.00,221.00,217.00,217.00
825,2017-08-15,6,422.00,91175.00,219.00,215.00,219.00
826,2017-08-16,13,3180.00,710890.00,227.00,219.00,224.00
827,2017-08-17,5,413.00,90534.00,220.00,218.00,219.00
828,2017-08-20,7,668.00,145960.00,220.00,217.00,217.00
829,2017-08-21,2,213.00,44969.00,213.00,211.00,211.00
830,2017-08-22,7,119.00,25243.00,215.00,211.00,215.00
831,2017-08-23,3,227.00,48708.00,215.00,214.00,214.00
832,2017-08-24,11,1656.00,362128.00,222.00,217.00,222.00
833,2017-08-27,6,76.00,16937.00,224.00,222.00,224.00
834,2017-08-28,3,148.00,33120.00,224.00,224.00,224.00
835,2017-08-30,2,400.00,87100.00,220.00,217.00,217.00
836,2017-08-31,1,27.00,5751.00,213.00,213.00,213.00
837,2017-09-04,7,810.00,170700.00,211.00,210.00,210.00
838,2017-09-06,1,100.00,20800.00,208.00,208.00,208.00
839,2017-09-07,6,729.00,150245.00,207.00,205.00,205.00
840,2017-09-10,12,2887.00,568285.00,201.00,195.00,195.00
841,2017-09-11,4,397.00,78512.00,202.00,196.00,202.00
842,2017-09-12,5,1479.00,303258.00,206.00,200.00,206.00
843,2017-09-13,3,345.00,69785.00,203.00,202.00,202.00
844,2017-09-17,4,1410.00,286890.00,209.00,198.00,209.00
845,2017-09-18,8,636.00,133076.00,213.00,209.00,209.00
846,2017-09-20,4,646.00,136772.00,212.00,211.00,212.00
847,2017-09-24,1,100.00,21500.00,215.00,215.00,215.00
848,2017-09-25,2,200.00,43000.00,215.00,215.00,215.00
849,2017-09-26,3,220.00,48300.00,227.00,219.00,227.00
850,2017-10-08,2,200.00,44600.00,223.00,223.00,223.00
851,2017-10-09,2,111.00,24353.00,223.00,219.00,223.00
852,2017-10-11,3,227.00,49806.00,222.00,214.00,214.00
853,2017-10-12,3,200.00,43000.00,216.00,214.00,214.00
854,2017-10-16,1,200.00,43600.00,218.00,218.00,218.00
855,2017-10-17,7,674.00,145240.00,218.00,215.00,215.00
856,2017-10-23,4,344.00,74520.00,218.00,215.00,218.00
857,2017-10-25,5,528.00,116232.00,222.00,218.00,218.00
858,2017-10-29,3,300.00,65800.00,220.00,218.00,218.00
859,2017-10-30,5,853.00,185288.00,220.00,212.00,212.00
860,2017-10-31,3,338.00,72456.00,216.00,212.00,212.00
861,2017-11-01,7,229.00,46898.00,210.00,200.00,200.00
862,2017-11-02,13,1365.00,276580.00,204.00,199.00,204.00
863,2017-11-05,5,696.00,139392.00,202.00,200.00,202.00
864,2017-11-06,6,553.00,110502.00,203.00,198.00,198.00
865,2017-11-07,5,365.00,72385.00,199.00,198.00,198.00
866,2017-11-08,6,332.00,65990.00,201.00,195.00,201.00
867,2017-11-09,4,100.00,18980.00,197.00,188.00,188.00
868,2017-11-12,6,388.00,73342.00,192.00,186.00,189.00
869,2017-11-13,11,2030.00,392380.00,198.00,192.00,195.00
870,2017-11-14,5,1190.00,231730.00,195.00,192.00,192.00
871,2017-11-15,9,1265.00,240570.00,192.00,190.00,190.00
872,2017-11-16,21,5199.00,962763.00,187.00,184.00,184.00
873,2017-11-19,9,1560.00,284350.00,183.00,180.00,183.00
874,2017-11-20,2,70.00,13080.00,189.00,186.00,189.00
875,2017-11-21,3,455.00,84935.00,187.00,184.00,184.00
876,2017-11-22,5,1316.00,242392.00,187.00,184.00,184.00
877,2017-11-23,9,1138.00,205482.00,182.00,179.00,181.00
878,2017-11-26,17,2257.00,402625.00,182.00,176.00,176.00
879,2017-11-27,28,10717.00,1924775.00,184.00,176.00,179.00
880,2017-11-28,27,10414.00,1854636.00,182.00,173.00,180.00
881,2017-11-29,30,6072.00,1079821.00,183.00,171.00,175.00
882,2017-11-30,47,13046.00,2295206.00,180.00,172.00,175.00
883,2017-12-04,21,5198.00,893444.00,176.00,170.00,170.00
884,2017-12-05,26,5171.00,876650.00,172.00,168.00,171.00
885,2017-12-06,9,2184.00,375078.00,175.00,169.00,175.00
886,2017-12-10,14,2499.00,436743.00,180.00,172.00,172.00
887,2017-12-11,1,500.00,87500.00,175.00,175.00,175.00
888,2017-12-12,10,2004.00,343350.00,173.00,170.00,170.00
889,2017-12-13,8,1006.00,172574.00,174.00,169.00,174.00
890,2017-12-14,5,5860.00,998050.00,174.00,170.00,173.00
891,2017-12-17,5,2364.00,407880.00,173.00,170.00,170.00
892,2017-12-18,19,6877.00,1168460.00,173.00,167.00,173.00
893,2017-12-19,9,3142.00,528680.00,170.00,165.00,169.00
894,2017-12-20,12,2736.00,451990.00,167.00,165.00,165.00
895,2017-12-21,8,2790.00,465200.00,171.00,162.00,162.00
896,2017-12-24,12,1734.00,294866.00,174.00,162.00,170.00
897,2017-12-26,4,350.00,57850.00,167.00,164.00,167.00
898,2017-12-27,11,2134.00,348489.00,165.00,162.00,162.00
899,2017-12-28,10,1889.00,314562.00,168.00,162.00,168.00
900,2017-12-31,8,782.00,129204.00,166.00,165.00,166.00
901,2018-01-01,5,628.00,104848.00,167.00,165.00,167.00
902,2018-01-02,8,867.00,145603.00,170.00,165.00,166.00
903,2018-01-03,6,467.00,76431.00,165.00,163.00,163.00
904,2018-01-04,23,2759.00,444632.00,166.00,159.00,160.00
905,2018-01-07,5,612.00,99336.00,163.00,159.00,163.00
906,2018-01-08,9,440.00,71210.00,163.00,161.00,162.00
907,2018-01-09,5,1244.00,202420.00,165.00,160.00,160.00
908,2018-01-10,14,2134.00,344253.00,163.00,159.00,162.00
909,2018-01-14,27,5003.00,814028.00,166.00,160.00,166.00
910,2018-01-16,21,3247.00,491280.00,154.00,150.00,152.00
911,2018-01-17,16,4675.00,705132.00,153.00,150.00,153.00
912,2018-01-21,9,2223.00,332029.00,156.00,145.00,145.00
913,2018-01-22,7,1499.00,221895.00,151.00,147.00,149.00
914,2018-01-23,2,100.00,15100.00,151.00,151.00,151.00
915,2018-01-24,6,520.00,77770.00,154.00,148.00,148.00
916,2018-01-25,5,970.00,145630.00,151.00,149.00,150.00
917,2018-01-28,12,2214.00,335516.00,153.00,149.00,149.00
918,2018-01-29,1,200.00,29400.00,147.00,147.00,147.00
919,2018-01-31,8,194.00,29318.00,153.00,149.00,153.00
920,2018-02-01,6,1230.00,187920.00,154.00,152.00,153.00
921,2018-02-05,5,1732.00,260646.00,153.00,150.00,150.00
922,2018-02-06,3,300.00,44900.00,150.00,149.00,149.00
923,2018-02-08,4,764.00,114286.00,150.00,148.00,149.00
924,2018-02-11,5,736.00,108742.00,148.00,147.00,147.00
925,2018-02-14,1,377.00,55796.00,148.00,148.00,148.00
926,2018-02-15,9,2340.00,357400.00,155.00,150.00,152.00
927,2018-02-18,10,1990.00,305405.00,155.00,151.00,151.00
928,2018-02-20,2,160.00,24340.00,154.00,151.00,151.00
929,2018-02-21,1,250.00,37000.00,148.00,148.00,148.00
930,2018-02-22,7,135.00,19752.00,148.00,146.00,146.00
931,2018-02-26,1,300.00,44400.00,148.00,148.00,148.00
932,2018-02-27,4,315.00,46353.00,151.00,146.00,151.00
933,2018-02-28,5,1190.00,175910.00,151.00,146.00,146.00
934,2018-03-04,7,910.00,129770.00,147.00,141.00,143.00
935,2018-03-05,10,900.00,125900.00,142.00,138.00,138.00
936,2018-03-06,13,1786.00,245060.00,140.00,135.00,140.00
937,2018-03-07,16,2172.00,306166.00,148.00,138.00,148.00
938,2018-03-11,7,600.00,86220.00,148.00,142.00,142.00
939,2018-03-12,4,1045.00,145373.00,140.00,138.00,138.00
940,2018-03-14,1,25.00,3500.00,140.00,140.00,140.00
941,2018-03-15,6,850.00,120100.00,144.00,140.00,144.00
942,2018-03-18,5,430.00,62550.00,146.00,144.00,146.00
943,2018-03-19,5,648.00,93412.00,148.00,144.00,144.00
944,2018-03-20,7,996.00,139343.00,142.00,137.00,138.00
945,2018-03-21,3,750.00,102200.00,137.00,136.00,136.00
946,2018-03-22,7,910.00,121140.00,134.00,130.00,130.00
947,2018-03-26,3,347.00,44465.00,129.00,128.00,129.00
948,2018-03-27,5,686.00,87582.00,129.00,125.00,129.00
949,2018-03-28,12,3895.00,507595.00,132.00,129.00,131.00
950,2018-03-29,2,150.00,19650.00,131.00,131.00,131.00
951,2018-04-01,1,50.00,6600.00,132.00,132.00,132.00
952,2018-04-02,1,13.00,1742.00,134.00,134.00,134.00
953,2018-04-03,2,26.00,3520.00,136.00,135.00,136.00
954,2018-04-04,2,36.00,4990.00,140.00,138.00,140.00
955,2018-04-05,6,785.00,109798.00,140.00,138.00,140.00
956,2018-04-08,15,1319.00,189718.00,146.00,140.00,140.00
957,2018-04-09,17,2954.00,415543.00,143.00,138.00,138.00
958,2018-04-10,4,440.00,60160.00,137.00,136.00,136.00
959,2018-04-12,2,1000.00,134500.00,135.00,134.00,134.00
960,2018-04-16,1,158.00,21488.00,136.00,136.00,136.00
961,2018-04-17,2,638.00,88120.00,140.00,138.00,140.00
962,2018-04-18,5,1232.00,177812.00,147.00,141.00,147.00
963,2018-04-19,11,2903.00,439119.00,156.00,148.00,156.00
964,2018-04-22,16,3945.00,625909.00,165.00,155.00,165.00
965,2018-04-23,24,3762.00,609531.00,165.00,154.00,160.00
966,2018-04-24,4,254.00,39340.00,158.00,152.00,152.00
967,2018-04-25,7,735.00,111045.00,154.00,150.00,150.00
968,2018-04-26,11,1426.00,209282.00,150.00,145.00,147.00
969,2018-04-29,10,2914.00,421830.00,145.00,143.00,144.00
970,2018-05-02,2,49.00,6958.00,142.00,142.00,142.00
971,2018-05-03,5,861.00,124734.00,146.00,144.00,144.00
972,2018-05-06,7,752.00,106632.00,142.00,141.00,141.00
973,2018-05-07,8,3438.00,467818.00,140.00,135.00,135.00
974,2018-05-08,5,33.00,4535.00,139.00,137.00,139.00
975,2018-05-09,7,1037.00,147507.00,143.00,141.00,141.00
976,2018-05-10,5,1214.00,170460.00,141.00,140.00,140.00
977,2018-05-14,4,401.00,56540.00,142.00,140.00,140.00
978,2018-05-15,1,10.00,1380.00,138.00,138.00,138.00
979,2018-05-16,7,641.00,86985.00,138.00,134.00,134.00
980,2018-05-17,5,110.00,15460.00,142.00,136.00,142.00
981,2018-05-20,2,415.00,58100.00,140.00,140.00,140.00
982,2018-05-21,7,304.00,41834.00,138.00,135.00,137.00
983,2018-05-22,1,28.00,3808.00,136.00,136.00,136.00
984,2018-05-23,1,66.00,8910.00,135.00,135.00,135.00
985,2018-05-24,9,739.00,100552.00,137.00,134.00,137.00
986,2018-05-27,8,1357.00,183305.00,136.00,133.00,133.00
987,2018-05-28,10,846.00,113428.00,138.00,131.00,138.00
988,2018-05-29,2,216.00,29560.00,137.00,135.00,135.00
989,2018-05-30,2,432.00,57628.00,134.00,133.00,134.00
990,2018-05-31,6,801.00,108076.00,136.00,134.00,135.00
991,2018-06-03,9,1640.00,213880.00,135.00,129.00,131.00
992,2018-06-10,8,882.00,113049.00,130.00,127.00,127.00
993,2018-06-11,2,120.00,15200.00,127.00,125.00,127.00
994,2018-06-12,7,840.00,106870.00,129.00,125.00,125.00
995,2018-06-13,16,995.00,127288.00,131.00,126.00,126.00
996,2018-06-14,3,84.00,10824.00,130.00,126.00,130.00
997,2018-06-17,1,16.00,2064.00,129.00,129.00,129.00
998,2018-06-18,2,48.00,6112.00,128.00,127.00,127.00
999,2018-06-19,5,311.00,39025.00,126.00,125.00,125.00
1000,2018-06-20,2,23.00,2884.00,126.00,126.00,126.00
1001,2018-06-24,5,482.00,59402.00,126.00,122.00,122.00
1002,2018-06-25,6,1433.00,175992.00,124.00,122.00,122.00
1003,2018-06-26,2,400.00,49000.00,124.00,122.00,122.00
1004,2018-06-27,2,600.00,74900.00,125.00,124.00,125.00
1005,2018-06-28,3,281.00,34944.00,125.00,124.00,124.00
1006,2018-07-01,8,684.00,86474.00,127.00,124.00,125.00
1007,2018-07-02,9,1260.00,156257.00,125.00,123.00,123.00
1008,2018-07-03,8,5550.00,697790.00,126.00,124.00,124.00
1009,2018-07-04,1,16.00,1984.00,124.00,124.00,124.00
1010,2018-07-05,11,228.00,28386.00,128.00,122.00,128.00
1011,2018-07-09,4,74.00,9648.00,134.00,128.00,134.00
1012,2018-07-10,6,566.00,73710.00,135.00,129.00,129.00
1013,2018-07-11,10,1845.00,231092.00,130.00,123.00,125.00
1014,2018-07-12,4,23.00,2896.00,0.00,0.00,0.00
1015,2018-07-15,2,113.00,14451.00,128.00,127.00,128.00
1016,2018-07-16,5,167.00,21858.00,134.00,130.00,134.00
1017,2018-07-17,3,40.00,5500.00,140.00,136.00,140.00
1018,2018-07-22,2,61.00,8358.00,138.00,136.00,136.00
1019,2018-07-23,1,1.00,135.00,0.00,0.00,0.00
1020,2018-07-25,2,20.00,2660.00,134.00,132.00,132.00
1021,2018-07-26,13,2827.00,360908.00,130.00,126.00,126.00
1022,2018-07-29,8,670.00,84500.00,127.00,125.00,126.00
1023,2018-07-30,18,11750.00,1450940.00,128.00,123.00,126.00
1024,2018-07-31,1,10.00,1280.00,128.00,128.00,128.00
1025,2018-08-01,1,100.00,12700.00,127.00,127.00,127.00
1026,2018-08-02,4,316.00,40432.00,128.00,127.00,128.00
1027,2018-08-05,2,102.00,12952.00,127.00,127.00,127.00
1028,2018-08-06,5,449.00,56772.00,128.00,124.00,126.00
1029,2018-08-08,2,45.00,5580.00,124.00,124.00,124.00
1030,2018-08-09,5,400.00,49000.00,123.00,122.00,122.00
1031,2018-08-12,11,1234.00,148202.00,122.00,118.00,118.00
1032,2018-08-13,3,512.00,61440.00,120.00,120.00,120.00
1033,2018-08-14,1,162.00,19440.00,120.00,120.00,120.00
1034,2018-08-15,5,165.00,20405.00,125.00,122.00,125.00
1035,2018-08-16,4,1365.00,171998.00,127.00,125.00,125.00
1036,2018-08-19,2,97.00,11931.00,123.00,123.00,123.00
1037,2018-08-20,8,1187.00,147307.00,125.00,122.00,125.00
1038,2018-08-21,1,14.00,1722.00,123.00,123.00,123.00
1039,2018-08-23,5,920.00,111280.00,122.00,119.00,119.00
1040,2018-08-26,1,36.00,4284.00,119.00,119.00,119.00
1041,2018-08-28,2,40.00,4810.00,121.00,120.00,120.00
1042,2018-08-29,5,1072.00,127818.00,120.00,118.00,120.00
1043,2018-08-30,3,332.00,39660.00,120.00,118.00,118.00
1044,2018-09-02,2,129.00,15480.00,120.00,120.00,120.00
1045,2018-09-04,5,2250.00,276870.00,125.00,121.00,123.00
1046,2018-09-05,12,5765.00,735467.00,131.00,125.00,131.00
1047,2018-09-06,13,2278.00,292674.00,132.00,126.00,126.00
1048,2018-09-09,6,1660.00,210455.00,128.00,126.00,126.00
1049,2018-09-10,7,740.00,92969.00,127.00,125.00,125.00
1050,2018-09-11,4,357.00,44638.00,126.00,125.00,126.00
1051,2018-09-12,5,1611.00,208368.00,130.00,128.00,129.00
1052,2018-09-13,10,2377.00,313557.00,135.00,130.00,135.00
1053,2018-09-16,9,1750.00,237512.00,137.00,135.00,137.00
1054,2018-09-17,3,631.00,84127.00,135.00,133.00,133.00
1055,2018-09-18,10,1536.00,204680.00,136.00,129.00,129.00
1056,2018-09-20,8,4189.00,550749.00,135.00,128.00,133.00
1057,2018-09-23,7,1500.00,200000.00,135.00,133.00,133.00
1058,2018-09-25,16,5497.00,758601.00,142.00,135.00,142.00
1059,2018-09-26,8,2334.00,323548.00,142.00,138.00,139.00
1060,2018-09-27,4,201.00,27727.00,139.00,137.00,139.00
1061,2018-09-30,11,2298.00,312866.00,138.00,134.00,137.00
1062,2018-10-01,11,5380.00,708927.00,139.00,130.00,130.00
1063,2018-10-02,6,275.00,36320.00,133.00,130.00,132.00
1064,2018-10-03,4,368.00,48876.00,134.00,132.00,132.00
1065,2018-10-04,7,1289.00,168581.00,132.00,129.00,129.00
1066,2018-10-07,10,2525.00,326938.00,130.00,128.00,130.00
1067,2018-10-08,6,818.00,105422.00,130.00,128.00,129.00
1068,2018-10-09,2,147.00,19231.00,131.00,129.00,129.00
1069,2018-10-10,4,1600.00,203300.00,128.00,127.00,127.00
1070,2018-10-11,2,313.00,39761.00,128.00,127.00,128.00
1071,2018-10-14,2,102.00,13056.00,128.00,128.00,128.00
1072,2018-10-21,1,12.00,1524.00,127.00,127.00,127.00
1073,2018-10-22,2,400.00,50800.00,128.00,126.00,128.00
1074,2018-10-24,11,6216.00,794448.00,131.00,126.00,126.00
1075,2018-10-25,6,2206.00,287956.00,132.00,128.00,132.00
1076,2018-10-29,4,155.00,20191.00,131.00,130.00,131.00
1077,2018-10-30,1,1000.00,132000.00,132.00,132.00,132.00
1078,2018-10-31,5,504.00,65116.00,130.00,129.00,129.00
1079,2018-11-01,6,1415.00,181350.00,130.00,127.00,128.00
1080,2018-11-04,4,812.00,102312.00,126.00,126.00,126.00
1081,2018-11-05,2,100.00,12900.00,130.00,128.00,130.00
1082,2018-11-11,1,3.00,390.00,130.00,130.00,130.00
1083,2018-11-12,5,313.00,41090.00,132.00,130.00,130.00
1084,2018-11-13,8,2196.00,287016.00,132.00,128.00,128.00
1085,2018-11-14,5,1300.00,159850.00,128.00,122.00,124.00
1086,2018-11-15,1,200.00,25200.00,126.00,124.00,126.00
1087,2018-11-20,3,212.00,26742.00,127.00,126.00,126.00
1088,2018-11-26,2,34.00,4182.00,126.00,122.00,122.00
1089,2018-11-27,4,450.00,53600.00,122.00,119.00,119.00
1090,2018-11-29,1,13.00,1573.00,121.00,119.00,121.00
1091,2018-12-02,1,50.00,5950.00,121.00,119.00,119.00
1092,2018-12-03,5,1962.00,230594.00,119.00,117.00,119.00
1093,2018-12-04,6,1321.00,158692.00,121.00,118.00,121.00
1094,2018-12-05,3,400.00,47300.00,121.00,117.00,117.00
1095,2018-12-06,2,618.00,73542.00,119.00,117.00,119.00
1096,2018-12-09,3,60.00,6980.00,119.00,116.00,116.00
1097,2018-12-10,4,574.00,67932.00,120.00,116.00,120.00
1098,2018-12-11,7,872.00,103754.00,120.00,117.00,120.00
1099,2018-12-13,2,521.00,62390.00,120.00,118.00,120.00
1100,2018-12-16,5,160.00,19540.00,124.00,120.00,124.00
1101,2018-12-17,1,212.00,26288.00,124.00,124.00,124.00
1102,2018-12-18,2,60.00,7560.00,126.00,124.00,126.00
1103,2018-12-19,1,50.00,6200.00,126.00,124.00,124.00
1104,2018-12-20,1,50.00,6100.00,124.00,122.00,122.00
1105,2018-12-23,5,1107.00,133860.00,122.00,120.00,120.00
1106,2018-12-24,6,1723.00,203091.00,120.00,117.00,117.00
1107,2018-12-25,3,4083.00,478211.00,118.00,117.00,118.00
1108,2018-12-26,6,848.00,100836.00,120.00,118.00,118.00
1109,2018-12-27,11,2118.00,250862.00,121.00,117.00,120.00
1110,2018-12-31,5,413.00,50186.00,122.00,120.00,122.00
1111,2019-01-01,5,820.00,99508.00,123.00,120.00,122.00
1112,2019-01-02,3,403.00,49266.00,123.00,122.00,123.00
1113,2019-01-03,2,753.00,91313.00,123.00,121.00,121.00
1114,2019-01-06,5,755.00,90515.00,121.00,119.00,119.00
1115,2019-01-07,7,410.00,49916.00,123.00,119.00,123.00
1116,2019-01-09,5,1258.00,150423.00,123.00,119.00,121.00
1117,2019-01-10,4,646.00,78378.00,123.00,120.00,123.00
1118,2019-01-14,2,300.00,36300.00,123.00,121.00,121.00
1119,2019-01-15,2,800.00,95376.00,121.00,119.00,121.00
1120,2019-01-16,1,100.00,11900.00,121.00,119.00,119.00
1121,2019-01-17,5,711.00,83687.00,119.00,117.00,117.00
1122,2019-01-20,5,1255.00,145125.00,117.00,114.00,116.00
1123,2019-01-21,12,3641.00,425879.00,119.00,116.00,119.00
1124,2019-01-22,6,757.00,88704.00,119.00,117.00,117.00
1125,2019-01-23,3,404.00,47968.00,119.00,117.00,117.00
1126,2019-01-24,18,5357.00,658762.00,125.00,116.00,123.00
1127,2019-01-27,2,70.00,8790.00,127.00,123.00,127.00
1128,2019-01-28,3,1100.00,137700.00,127.00,125.00,125.00
1129,2019-01-29,15,3620.00,442120.00,127.00,119.00,120.00
1130,2019-01-30,7,946.00,113079.00,121.00,119.00,119.00
1131,2019-01-31,1,66.00,7986.00,121.00,119.00,121.00
1132,2019-02-04,2,115.00,13915.00,121.00,121.00,121.00
1133,2019-02-05,6,315.00,38297.00,123.00,121.00,121.00
1134,2019-02-06,9,2590.00,305310.00,121.00,117.00,119.00
1135,2019-02-07,3,1080.00,128440.00,119.00,118.00,119.00
1136,2019-02-11,5,1228.00,144916.00,119.00,117.00,119.00
1137,2019-02-12,7,1950.00,229150.00,119.00,117.00,117.00
1138,2019-02-13,3,207.00,24826.00,122.00,117.00,122.00
1139,2019-02-14,4,36.00,4444.00,124.00,122.00,122.00
1140,2019-02-17,3,450.00,54100.00,122.00,118.00,118.00
1141,2019-02-18,3,394.00,46492.00,118.00,118.00,118.00
1142,2019-02-19,1,20.00,2400.00,120.00,118.00,120.00
1143,2019-02-20,2,300.00,35600.00,120.00,118.00,118.00
1144,2019-02-21,3,303.00,35751.00,119.00,117.00,119.00
1145,2019-02-25,1,20.00,2360.00,119.00,118.00,118.00
1146,2019-02-26,4,410.00,48078.00,118.00,116.00,118.00
1147,2019-02-27,4,1738.00,200132.00,118.00,114.00,114.00
1148,2019-03-03,2,575.00,66700.00,116.00,114.00,116.00
1149,2019-03-05,2,200.00,23600.00,118.00,116.00,118.00
1150,2019-03-06,9,1526.00,181854.00,120.00,118.00,120.00
1151,2019-03-07,4,40.00,4940.00,124.00,120.00,124.00
1152,2019-03-10,2,60.00,7460.00,126.00,124.00,124.00
1153,2019-03-11,1,10.00,1260.00,126.00,124.00,126.00
1154,2019-03-12,4,72.00,9042.00,127.00,125.00,127.00
1155,2019-03-13,1,10.00,1290.00,129.00,127.00,129.00
1156,2019-03-14,4,529.00,67183.00,129.00,127.00,127.00
1157,2019-03-17,18,5787.00,740971.00,129.00,125.00,126.00
1158,2019-03-18,11,1211.00,152340.00,130.00,125.00,127.00
1159,2019-03-21,1,10.00,1260.00,126.00,126.00,126.00
1160,2019-03-25,2,1000.00,124000.00,124.00,124.00,124.00
1161,2019-03-26,7,1563.00,189840.00,124.00,120.00,124.00
1162,2019-03-27,2,150.00,18100.00,122.00,120.00,120.00
1163,2019-03-28,4,1333.00,158927.00,120.00,119.00,119.00
1164,2019-03-31,6,1380.00,165081.00,120.00,119.00,120.00
1165,2019-04-01,4,376.00,45158.00,121.00,120.00,121.00
1166,2019-04-02,14,2601.00,314931.00,122.00,120.00,121.00
1167,2019-04-03,10,3800.00,470200.00,126.00,119.00,126.00
1168,2019-04-04,14,2930.00,361750.00,125.00,122.00,122.00
1169,2019-04-07,13,2006.00,251989.00,128.00,121.00,128.00
1170,2019-04-08,6,1310.00,165490.00,129.00,125.00,125.00
1171,2019-04-09,9,2660.00,334430.00,127.00,124.00,124.00
1172,2019-04-10,2,600.00,75400.00,126.00,124.00,126.00
1173,2019-04-11,4,110.00,13780.00,128.00,124.00,126.00
1174,2019-04-15,5,311.00,38419.00,124.00,122.00,124.00
1175,2019-04-16,14,4177.00,533308.00,130.00,124.00,129.00
1176,2019-04-17,6,1417.00,182508.00,129.00,127.00,129.00
1177,2019-04-18,6,1012.00,129681.00,130.00,126.00,126.00
1178,2019-04-21,8,561.00,71384.00,128.00,127.00,128.00
1179,2019-04-22,6,1199.00,153106.00,130.00,126.00,126.00
1180,2019-04-23,3,803.00,100875.00,126.00,125.00,125.00
1181,2019-04-24,9,2335.00,299353.00,131.00,125.00,129.00
1182,2019-04-25,12,6071.00,788329.00,133.00,128.00,130.00
1183,2019-04-28,17,5206.00,683854.00,132.00,130.00,132.00
1184,2019-04-29,4,933.00,119588.00,130.00,126.00,126.00
1185,2019-04-30,6,847.00,108645.00,129.00,127.00,128.00
1186,2019-05-02,15,7266.00,908822.00,127.00,124.00,124.00
1187,2019-05-05,2,501.00,62192.00,126.00,124.00,126.00
1188,2019-05-06,38,12561.00,1633237.00,132.00,127.00,131.00
1189,2019-05-07,31,9288.00,1241924.00,136.00,129.00,136.00
1190,2019-05-08,30,7126.00,984932.00,141.00,134.00,138.00
1191,2019-05-09,12,788.00,105363.00,136.00,132.00,135.00
1192,2019-05-12,11,1241.00,163618.00,135.00,131.00,131.00
1193,2019-05-13,11,2231.00,293299.00,134.00,130.00,134.00
1194,2019-05-14,12,2860.00,380123.00,136.00,132.00,132.00
1195,2019-05-15,51,18519.00,2564640.00,144.00,132.00,138.00
1196,2019-05-16,34,10758.00,1496014.00,142.00,134.00,139.00
1197,2019-05-19,42,9871.00,1388727.00,147.00,137.00,147.00
1198,2019-05-20,24,5665.00,803855.00,146.00,139.00,140.00
1199,2019-05-21,23,3780.00,531098.00,146.00,138.00,140.00
1200,2019-05-22,13,2274.00,322071.00,144.00,141.00,142.00
1201,2019-05-23,4,300.00,42000.00,140.00,140.00,140.00
1202,2019-05-26,36,14284.00,2037128.00,145.00,139.00,143.00
1203,2019-05-27,33,12425.00,1858502.00,153.00,145.00,151.00
1204,2019-05-28,145,41649.00,6793899.00,166.00,154.00,163.00
1205,2019-05-29,80,30567.00,5182094.00,174.00,156.00,170.00
1206,2019-05-30,41,21687.00,3538038.00,176.00,158.00,162.00
1207,2019-06-02,127,76608.00,13534979.00,178.00,169.00,178.00
1208,2019-06-03,165,70737.00,13192685.00,192.00,181.00,186.00
1209,2019-06-04,104,54168.00,10271215.00,196.00,182.00,196.00
