sn,_date,index_value,absolute_change,percentage_change
1,2021/08/12,"3,179.00",16.41,0.5188%
2,2021/08/11,"3,162.60",0.94,0.0299%
3,2021/08/10,"3,161.45",51.86,1.6676%
4,2021/08/09,"3,109.67",1.54,0.0495%
5,2021/08/08,"3,108.13",0.66,0.0212%
6,2021/08/05,"3,107.45",-16.00,-0.5121%
7,2021/08/04,"3,123.15",12.05,0.3874%
8,2021/08/03,"3,111.09",26.02,0.8434%
9,2021/08/02,"3,085.07",4.06,0.1317%
10,2021/08/01,"3,081.06",1.25,0.0406%
11,2021/07/29,"3,079.83",-15.11,-0.4883%
12,2021/07/28,"3,094.95",15.30,0.4968%
13,2021/07/27,"3,079.67",29.24,0.9586%
14,2021/07/26,"3,050.43",-8.24,-0.2693%
15,2021/07/25,"3,058.64",54.31,1.8076%
16,2021/07/22,"3,004.32",18.75,0.6279%
17,2021/07/20,"2,985.57",-9.01,-0.3008%
18,2021/07/19,"2,994.58",13.97,0.4686%
19,2021/07/18,"2,980.61",97.21,3.3713%
20,2021/07/15,"2,883.38",11.33,0.3946%
21,2021/07/14,"2,872.05",1.01,0.0352%
22,2021/07/13,"2,871.04",16.34,0.5724%
23,2021/07/12,"2,854.77",-45.06,-1.5537%
24,2021/07/11,"2,899.82",74.71,2.6447%
25,2021/07/08,"2,824.90",23.76,0.8484%
26,2021/07/07,"2,801.13",-16.97,-0.6023%
27,2021/07/06,"2,818.11",-5.24,-0.1857%
28,2021/07/05,"2,822.74",-11.78,-0.4156%
29,2021/07/04,"2,834.52",-8.48,-0.2984%
30,2021/07/01,"2,843.00",19.12,0.6771%
31,2021/06/30,"2,823.88",-4.13,-0.146%
32,2021/06/29,"2,828.01",-47.49,-1.6515%
33,2021/06/28,"2,875.50",5.11,0.1781%
34,2021/06/27,"2,870.38",27.38,0.9631%
35,2021/06/24,"2,843.00",-16.96,-0.5929%
36,2021/06/23,"2,862.19",-51.65,-1.7726%
37,2021/06/22,"2,913.85",79.44,2.8028%
38,2021/06/21,"2,834.41",-71.06,-2.4456%
39,2021/06/20,"2,905.15",-63.28,-2.1319%
40,2021/06/17,"2,968.43",-1.29,-0.0433%
41,2021/06/16,"2,969.70",-52.41,-1.7341%
42,2021/06/15,"3,022.11",-3.72,-0.123%
43,2021/06/14,"3,025.83",42.72,1.432%
44,2021/06/13,"2,983.11",38.32,1.3014%
45,2021/06/10,"2,944.78",-1.80,-0.061%
46,2021/06/09,"2,946.58",-13.56,-0.4582%
47,2021/06/08,"2,960.14",53.44,1.8386%
48,2021/06/07,"2,906.70",-0.21,-0.0072%
49,2021/06/06,"2,906.89",50.13,1.7547%
50,2021/06/03,"2,856.68",29.55,1.0452%
51,2021/06/02,"2,827.13",55.76,2.0121%
52,2021/06/01,"2,771.15",-11.68,-0.4198%
53,2021/05/31,"2,782.69",-45.25,-1.6001%
54,2021/05/30,"2,827.93",12.54,0.4453%
55,2021/05/27,"2,815.40",-1.20,-0.0426%
56,2021/05/25,"2,816.57",-6.50,-0.2302%
57,2021/05/24,"2,823.07",3.07,0.1087%
58,2021/05/23,"2,820.00",32.81,1.1773%
59,2021/05/20,"2,787.19",6.37,0.2292%
60,2021/05/19,"2,780.81",-13.09,-0.4684%
61,2021/05/18,"2,793.90",34.68,1.257%
62,2021/05/17,"2,759.22",20.71,0.7564%
63,2021/05/16,"2,738.30",54.21,2.0198%
64,2021/05/13,"2,684.01",10.13,0.3788%
65,2021/05/12,"2,673.88",0.56,0.0211%
66,2021/05/11,"2,673.32",27.47,1.0383%
67,2021/05/10,"2,645.85",27.41,1.0468%
68,2021/05/09,"2,618.57",-18.56,-0.7039%
69,2021/05/06,"2,637.13",-12.47,-0.4705%
70,2021/05/05,"2,649.60",-5.09,-0.1919%
71,2021/05/04,"2,654.69",1.94,0.0733%
72,2021/05/03,"2,652.76",-12.35,-0.4634%
73,2021/05/02,"2,665.11",54.00,2.0679%
74,2021/04/29,"2,611.11",25.82,0.9989%
75,2021/04/28,"2,585.28",-13.79,-0.5307%
76,2021/04/27,"2,599.08",92.46,3.6885%
77,2021/04/26,"2,506.62",-65.58,-2.5496%
78,2021/04/25,"2,572.22",-75.79,-2.862%
79,2021/04/22,"2,648.01",15.80,0.6002%
80,2021/04/21,"2,632.21",-32.41,-1.2163%
81,2021/04/20,"2,664.62",2.68,0.1007%
82,2021/04/19,"2,661.94",-37.58,-1.3919%
83,2021/04/18,"2,699.51",-35.89,-1.3119%
84,2021/04/15,"2,735.46",20.67,0.7614%
85,2021/04/13,"2,714.79",23.23,0.8632%
86,2021/04/12,"2,691.56",17.20,0.6431%
87,2021/04/08,"2,674.36",2.74,0.1026%
88,2021/04/07,"2,671.62",-2.85,-0.1067%
89,2021/04/06,"2,674.47",15.72,0.5914%
90,2021/04/05,"2,658.75",1.13,0.0426%
91,2021/04/04,"2,657.61",25.71,0.977%
92,2021/04/01,"2,631.90",12.88,0.4916%
93,2021/03/31,"2,619.03",43.36,1.6834%
94,2021/03/30,"2,575.67",32.15,1.2639%
95,2021/03/29,"2,543.52",-5.45,-0.2137%
96,2021/03/25,"2,548.97",-21.29,-0.8283%
97,2021/03/24,"2,570.26",41.30,1.6331%
98,2021/03/23,"2,528.96",14.57,0.5793%
99,2021/03/22,"2,514.39",-24.08,-0.9485%
100,2021/03/21,"2,538.47",63.38,2.5605%
101,2021/03/18,"2,475.09",42.95,1.7658%
102,2021/03/17,"2,432.15",40.40,1.6891%
103,2021/03/16,"2,391.75",2.56,0.107%
104,2021/03/15,"2,389.19",-18.07,-0.7505%
105,2021/03/14,"2,407.26",-51.23,-2.0837%
106,2021/03/10,"2,458.49",-3.40,-0.138%
107,2021/03/09,"2,461.88",-23.22,-0.9343%
108,2021/03/07,"2,485.10",-21.58,-0.861%
109,2021/03/04,"2,506.68",90.67,3.753%
110,2021/03/03,"2,416.01",-39.23,-1.5979%
111,2021/03/02,"2,455.33",-59.70,-2.3737%
112,2021/03/01,"2,515.03",40.64,1.6423%
113,2021/02/28,"2,474.39",-79.74,-3.1221%
114,2021/02/25,"2,554.14",-44.94,-1.7291%
115,2021/02/24,"2,599.56",13.04,0.5042%
116,2021/02/23,"2,586.51",-21.16,-0.8113%
117,2021/02/22,"2,607.67",-32.67,-1.2375%
118,2021/02/21,"2,640.35",3.66,0.139%
119,2021/02/18,"2,636.68",25.23,0.9661%
120,2021/02/17,"2,611.45",9.94,0.3819%
121,2021/02/16,"2,601.51",15.50,0.5996%
122,2021/02/15,"2,586.01",92.42,3.7061%
123,2021/02/14,"2,493.59",-33.33,-1.3189%
124,2021/02/11,"2,526.92",-16.11,-0.6335%
125,2021/02/10,"2,543.03",8.66,0.3418%
126,2021/02/09,"2,534.37",-27.11,-1.0584%
127,2021/02/08,"2,561.48",37.48,1.4847%
128,2021/02/07,"2,524.00",48.74,1.969%
129,2021/02/04,"2,475.27",8.34,0.3382%
130,2021/02/03,"2,466.92",-6.81,-0.2755%
131,2021/02/02,"2,473.74",65.49,2.7196%
132,2021/02/01,"2,408.24",37.70,1.5901%
133,2021/01/31,"2,370.55",-54.75,-2.2574%
134,2021/01/28,"2,425.30",-16.55,-0.6779%
135,2021/01/27,"2,441.85",18.76,0.7741%
136,2021/01/26,"2,423.09",-17.79,-0.7286%
137,2021/01/25,"2,440.88",16.04,0.6615%
138,2021/01/24,"2,424.84",50.20,2.1139%
139,2021/01/21,"2,374.64",31.87,1.3605%
140,2021/01/20,"2,342.77",15.87,0.6818%
141,2021/01/19,"2,326.90",-5.57,-0.2387%
142,2021/01/18,"2,332.32",17.31,0.7477%
143,2021/01/17,"2,315.01",28.46,1.2448%
144,2021/01/13,"2,286.55",18.81,0.8294%
145,2021/01/12,"2,267.74",28.31,1.2642%
146,2021/01/11,"2,239.43",3.70,0.1654%
147,2021/01/10,"2,235.73",41.24,1.8794%
148,2021/01/07,"2,194.49",15.91,0.7305%
149,2021/01/06,"2,178.57",13.07,0.6037%
150,2021/01/05,"2,165.50",-3.54,-0.1633%
151,2021/01/04,"2,169.04",-6.36,-0.2922%
152,2021/01/03,"2,175.40",88.12,4.2218%
153,2020/12/31,"2,087.28",25.21,1.2228%
154,2020/12/30,"2,062.06",49.17,2.4428%
155,2020/12/29,"2,012.89",5.57,0.2775%
156,2020/12/28,"2,007.30",8.57,0.4288%
157,2020/12/27,"1,998.65",-39.98,-1.9609%
158,2020/12/24,"2,038.63",-29.83,-1.442%
159,2020/12/23,"2,068.46",7.04,0.3415%
160,2020/12/22,"2,061.42",95.46,4.8555%
161,2020/12/21,"1,965.96",30.33,1.5667%
162,2020/12/20,"1,935.64",-96.88,-4.7666%
163,2020/12/17,"2,032.52",-22.70,-1.1046%
164,2020/12/16,"2,055.22",-6.20,-0.3006%
165,2020/12/15,"2,061.42",-5.75,-0.2784%
166,2020/12/14,"2,067.17",56.72,2.8212%
167,2020/12/13,"2,010.45",46.43,2.3642%
168,2020/12/10,"1,964.02",8.27,0.4228%
169,2020/12/09,"1,955.75",-39.60,-1.9845%
170,2020/12/08,"1,995.35",-9.04,-0.451%
171,2020/12/07,"2,004.39",72.28,3.7408%
172,2020/12/06,"1,932.11",-123.34,-6.0007%
173,2020/12/03,"2,055.46",-15.57,-0.752%
174,2020/12/02,"2,071.03",70.62,3.5305%
175,2020/12/01,"2,000.40",3.35,0.1676%
176,2020/11/30,"1,997.06",28.79,1.4625%
177,2020/11/29,"1,968.27",75.02,3.9627%
178,2020/11/26,"1,893.25",18.43,0.9831%
179,2020/11/25,"1,874.82",64.70,3.5744%
180,2020/11/24,"1,810.11",29.68,1.6672%
181,2020/11/23,"1,780.43",-2.38,-0.1337%
182,2020/11/22,"1,782.81",4.69,0.2636%
183,2020/11/19,"1,778.13",36.32,2.0849%
184,2020/11/18,"1,741.81",23.32,1.3567%
185,2020/11/12,"1,718.50",10.82,0.6335%
186,2020/11/11,"1,707.68",28.89,1.7208%
187,2020/11/10,"1,678.79",25.98,1.5721%
188,2020/11/09,"1,652.81",4.22,0.2562%
189,2020/11/08,"1,648.58",12.49,0.7634%
190,2020/11/05,"1,636.17",-4.47,-0.2724%
191,2020/11/04,"1,640.64",-2.39,-0.1456%
192,2020/11/03,"1,643.04",5.40,0.33%
193,2020/11/02,"1,637.63",-3.33,-0.2028%
194,2020/11/01,"1,640.96",-4.72,-0.2868%
195,2020/10/29,"1,645.68",-1.78,-0.1081%
196,2020/10/28,"1,647.46",41.20,2.5652%
197,2020/10/22,"1,606.26",8.54,0.5345%
198,2020/10/21,"1,597.72",13.94,0.8799%
199,2020/10/20,"1,583.61",13.22,0.8419%
200,2020/10/19,"1,570.38",13.58,0.8724%
201,2020/10/18,"1,556.80",-5.66,-0.3624%
202,2020/10/15,"1,562.46",1.29,0.0829%
203,2020/10/14,"1,561.17",-7.42,-0.4733%
204,2020/10/13,"1,568.59",-9.42,-0.5968%
205,2020/10/12,"1,578.01",1.74,0.1104%
206,2020/10/11,"1,576.27",-13.37,-0.8409%
207,2020/10/08,"1,589.64",-11.34,-0.7081%
208,2020/10/07,"1,600.98",14.68,0.9256%
209,2020/10/06,"1,586.29",4.17,0.2635%
210,2020/10/05,"1,582.13",-3.63,-0.229%
211,2020/10/04,"1,585.76",14.71,0.9365%
212,2020/10/01,"1,571.04",20.61,1.3292%
213,2020/09/30,"1,550.43",-3.19,-0.2053%
214,2020/09/29,"1,553.62",-7.21,-0.4617%
215,2020/09/28,"1,560.83",-4.73,-0.3018%
216,2020/09/27,"1,565.56",4.29,0.2745%
217,2020/09/24,"1,561.27",5.74,0.3692%
218,2020/09/23,"1,555.53",9.37,0.606%
219,2020/09/22,"1,546.16",-22.91,-1.4599%
220,2020/09/21,"1,569.06",-6.12,-0.3885%
221,2020/09/20,"1,575.18",3.00,0.1907%
222,2020/09/17,"1,572.19",30.78,1.9971%
223,2020/09/16,"1,541.40",5.36,0.3492%
224,2020/09/15,"1,536.04",-4.47,-0.2904%
225,2020/09/14,"1,540.51",3.26,0.2122%
226,2020/09/13,"1,537.25",16.56,1.0887%
227,2020/09/10,"1,520.69",12.49,0.8279%
228,2020/09/09,"1,508.21",13.05,0.8729%
229,2020/09/08,"1,495.16",7.35,0.4937%
230,2020/09/07,"1,487.81",-12.17,-0.8112%
231,2020/09/06,"1,499.98",-10.45,-0.6916%
232,2020/09/03,"1,510.42",-0.15,-0.0098%
233,2020/09/02,"1,510.57",25.58,1.7226%
234,2020/08/31,"1,484.99",22.31,1.5255%
235,2020/08/30,"1,462.67",4.64,0.32%
236,2020/08/27,"1,458.04",-4.00,-0.2735%
237,2020/08/26,"1,462.04",21.10,1.4641%
238,2020/08/25,"1,440.94",9.34,0.6521%
239,2020/08/24,"1,431.61",21.26,1.5076%
240,2020/08/23,"1,410.34",12.77,0.914%
241,2020/08/20,"1,397.57",6.28,0.4511%
242,2020/08/19,"1,391.30",-16.60,-1.1794%
243,2020/08/18,"1,407.90",5.68,0.4052%
244,2020/08/17,"1,402.22",10.75,0.7728%
245,2020/08/16,"1,391.46",-17.33,-1.2299%
246,2020/08/13,"1,408.79",-16.53,-1.1596%
247,2020/08/12,"1,425.32",1.51,0.106%
248,2020/08/11,"1,423.81",-6.61,-0.4621%
249,2020/08/10,"1,430.42",37.74,2.7097%
250,2020/08/09,"1,392.68",11.30,0.8183%
251,2020/08/06,"1,381.38",-1.29,-0.0931%
252,2020/08/05,"1,386.17",-17.69,-1.2604%
253,2020/08/03,"1,403.87",7.59,0.5434%
254,2020/08/02,"1,396.28",-42.78,-2.9729%
255,2020/07/30,"1,439.06",7.53,0.5262%
256,2020/07/29,"1,431.53",-23.36,-1.6057%
257,2020/07/28,"1,454.89",-7.59,-0.5193%
258,2020/07/27,"1,462.48",-2.62,-0.1791%
259,2020/07/26,"1,465.11",22.40,1.5526%
260,2020/07/23,"1,442.62",10.13,0.707%
261,2020/07/22,"1,432.45",-17.50,-1.207%
262,2020/07/21,"1,449.95",-14.99,-1.0233%
263,2020/07/20,"1,464.94",-14.09,-0.9529%
264,2020/07/19,"1,479.03",84.26,6.0414%
265,2020/07/16,"1,394.77",32.42,2.3799%
266,2020/07/15,"1,362.35",14.90,1.1059%
267,2020/07/14,"1,347.45",5.04,0.3753%
268,2020/07/13,"1,342.41",2.12,0.1578%
269,2020/07/12,"1,340.29",9.02,0.6779%
270,2020/07/09,"1,331.11",4.57,0.3444%
271,2020/07/08,"1,326.54",-10.13,-0.7578%
272,2020/07/07,"1,336.67",37.93,2.9208%
273,2020/07/06,"1,298.73",33.27,2.6294%
274,2020/07/01,"1,336.53",75.77,6.0097%
275,2020/06/30,"1,260.76",72.05,6.0612%
276,2020/06/29,"1,188.71",-12.87,-1.0711%
277,2020/05/13,"1,201.58",-24.58,-2.0048%
278,2020/05/12,"1,226.16",-25.30,-2.0214%
279,2020/03/22,"1,251.46",-18.20,-1.4335%
280,2020/03/19,"1,269.31",13.50,1.0754%
281,2020/03/18,"1,255.80",-16.26,-1.2786%
282,2020/03/17,"1,272.07",-44.33,-3.3674%
283,2020/03/16,"1,316.40",3.35,0.2554%
284,2020/03/15,"1,313.04",-64.14,-4.6575%
285,2020/03/12,"1,377.18",-45.91,-3.2259%
286,2020/03/11,"1,423.09",73.78,5.4677%
287,2020/03/10,"1,349.32",-86.39,-6.0169%
288,2020/03/05,"1,435.70",-5.50,-0.3817%
289,2020/03/04,"1,441.20",-68.47,-4.5356%
290,2020/03/03,"1,509.68",14.37,0.9612%
291,2020/03/02,"1,495.30",-96.06,-6.0363%
292,2020/03/01,"1,591.36",-40.82,-2.5007%
293,2020/02/27,"1,632.18",36.05,2.2584%
294,2020/02/26,"1,596.13",50.93,3.2963%
295,2020/02/25,"1,545.20",43.02,2.8637%
296,2020/02/24,"1,502.18",-1.96,-0.1304%
297,2020/02/23,"1,504.14",69.56,4.8489%
298,2020/02/20,"1,434.58",29.32,2.0866%
299,2020/02/19,"1,405.26",5.24,0.3746%
300,2020/02/18,"1,400.01",1.77,0.1267%
301,2020/02/17,"1,398.24",34.26,2.512%
302,2020/02/16,"1,363.98",19.39,1.4417%
303,2020/02/13,"1,344.59",-1.39,-0.1031%
304,2020/02/12,"1,345.98",4.60,0.3428%
305,2020/02/11,"1,341.38",17.11,1.2923%
306,2020/02/10,"1,324.27",4.28,0.324%
307,2020/02/09,"1,319.99",-13.70,-1.0272%
308,2020/02/06,"1,333.69",-8.67,-0.6461%
309,2020/02/05,"1,342.36",5.31,0.3975%
310,2020/02/04,"1,337.05",-12.09,-0.896%
311,2020/02/03,"1,349.14",2.49,0.1848%
312,2020/02/02,"1,346.65",21.26,1.6041%
313,2020/01/30,"1,325.39",19.51,1.4938%
314,2020/01/29,"1,305.88",-0.27,-0.0208%
315,2020/01/28,"1,306.15",5.52,0.4247%
316,2020/01/27,"1,300.63",23.95,1.8758%
317,2020/01/26,"1,276.68",-20.79,-1.6027%
318,2020/01/23,"1,297.48",-15.95,-1.2141%
319,2020/01/22,"1,313.42",-7.05,-0.5341%
320,2020/01/21,"1,320.47",3.36,0.255%
321,2020/01/20,"1,317.12",-26.54,-1.9753%
322,2020/01/19,"1,343.66",33.43,2.5512%
323,2020/01/16,"1,310.23",26.00,2.0246%
324,2020/01/15,"1,284.23",20.85,1.6501%
325,2020/01/14,"1,263.38",-7.48,-0.5888%
326,2020/01/13,"1,270.87",15.14,1.2059%
327,2020/01/12,"1,255.72",42.61,3.5123%
328,2020/01/09,"1,213.12",3.51,0.2904%
329,2020/01/08,"1,209.60",-7.32,-0.6018%
330,2020/01/07,"1,216.93",16.23,1.3517%
331,2020/01/06,"1,200.70",18.26,1.5446%
332,2020/01/05,"1,182.31",16.09,1.3799%
333,2020/01/02,"1,166.22",-3.29,-0.2809%
334,2020/01/01,"1,169.50",3.47,0.2975%
335,2019/12/31,"1,166.04",-1.92,-0.1645%
336,2019/12/30,"1,167.96",5.53,0.4754%
337,2019/12/29,"1,162.43",-4.99,-0.4271%
338,2019/12/26,"1,167.42",-0.62,-0.053%
339,2019/12/25,"1,168.04",1.82,0.156%
340,2019/12/24,"1,166.22",-2.37,-0.2027%
341,2019/12/23,"1,168.58",17.77,1.5437%
342,2019/12/22,"1,150.82",1.17,0.1021%
343,2019/12/19,"1,149.65",-2.42,-0.2102%
344,2019/12/18,"1,152.07",-3.30,-0.2859%
345,2019/12/17,"1,155.38",1.26,0.1092%
346,2019/12/16,"1,154.12",-13.75,-1.1774%
347,2019/12/15,"1,167.87",-4.78,-0.4077%
348,2019/12/12,"1,172.65",11.17,0.9618%
349,2019/12/11,"1,161.48",10.11,0.8779%
350,2019/12/10,"1,151.37",2.48,0.2155%
351,2019/12/09,"1,148.89",13.51,1.1903%
352,2019/12/08,"1,135.38",3.45,0.3051%
353,2019/12/05,"1,131.92",7.45,0.6626%
354,2019/12/04,"1,124.47",8.73,0.7821%
355,2019/12/03,"1,115.75",3.75,0.3375%
356,2019/12/02,"1,111.99",-0.86,-0.0776%
357,2019/12/01,"1,112.86",0.07,0.0062%
358,2019/11/28,"1,112.79",-4.67,-0.4183%
359,2019/11/27,"1,117.46",8.30,0.748%
360,2019/11/26,"1,109.17",-0.91,-0.0824%
361,2019/11/25,"1,110.08",0.00,-0.0001%
362,2019/11/24,"1,110.08",-10.54,-0.9404%
363,2019/11/21,"1,120.60",-7.74,-0.6857%
364,2019/11/20,"1,128.34",-1.65,-0.1462%
365,2019/11/19,"1,129.99",-1.14,-0.1004%
366,2019/11/18,"1,131.13",-0.24,-0.0208%
367,2019/11/17,"1,131.36",-4.59,-0.4039%
368,2019/11/14,"1,135.95",0.79,0.0693%
369,2019/11/13,"1,135.16",-4.80,-0.4208%
370,2019/11/12,"1,139.96",-5.61,-0.4897%
371,2019/11/11,"1,145.57",13.77,1.2164%
372,2019/11/10,"1,131.80",-0.18,-0.0161%
373,2019/11/07,"1,131.97",-6.05,-0.5316%
374,2019/11/06,"1,138.02",-1.44,-0.126%
375,2019/11/05,"1,139.46",-0.81,-0.0707%
376,2019/11/04,"1,140.26",0.97,0.0851%
377,2019/11/03,"1,139.29",-6.88,-0.5999%
378,2019/10/31,"1,146.17",-3.17,-0.2759%
379,2019/10/24,"1,149.34",6.73,0.5888%
380,2019/10/23,"1,142.60",7.79,0.6869%
381,2019/10/22,"1,134.80",2.40,0.2119%
382,2019/10/21,"1,132.40",-1.33,-0.1174%
383,2019/10/20,"1,133.72",-4.03,-0.3543%
384,2019/10/17,"1,137.75",0.71,0.0627%
385,2019/10/16,"1,137.04",-5.01,-0.4386%
386,2019/10/15,"1,142.05",5.08,0.4469%
387,2019/10/14,"1,136.96",-12.05,-1.0485%
388,2019/10/10,"1,149.01",-0.39,-0.0338%
389,2019/10/03,"1,149.40",8.69,0.7618%
390,2019/10/02,"1,140.71",-4.98,-0.435%
391,2019/10/01,"1,145.69",10.13,0.8919%
392,2019/09/30,"1,135.57",10.42,0.9261%
393,2019/09/29,"1,125.15",-4.66,-0.4125%
394,2019/09/26,"1,129.81",-1.73,-0.1526%
395,2019/09/25,"1,131.53",-3.03,-0.2672%
396,2019/09/24,"1,134.57",-6.42,-0.5629%
397,2019/09/23,"1,140.99",1.73,0.1522%
398,2019/09/22,"1,139.26",-16.05,-1.389%
399,2019/09/19,"1,155.30",-18.12,-1.5446%
400,2019/09/18,"1,173.43",22.68,1.9713%
401,2019/09/17,"1,150.74",26.91,2.3942%
402,2019/09/16,"1,123.84",-16.18,-1.4195%
403,2019/09/15,"1,140.02",-17.87,-1.5432%
404,2019/09/12,"1,157.89",-5.33,-0.4581%
405,2019/09/11,"1,163.21",-3.46,-0.2966%
406,2019/09/10,"1,166.67",-2.24,-0.1918%
407,2019/09/09,"1,168.92",-9.54,-0.8099%
408,2019/09/08,"1,178.46",-12.61,-1.0588%
409,2019/09/05,"1,191.07",-3.70,-0.3099%
410,2019/09/04,"1,194.77",3.87,0.3248%
411,2019/09/03,"1,190.91",20.57,1.7572%
412,2019/09/02,"1,170.34",-14.45,-1.2193%
413,2019/09/01,"1,184.79",-11.63,-0.9721%
414,2019/08/29,"1,196.42",-1.33,-0.1114%
415,2019/08/28,"1,197.75",-10.26,-0.8492%
416,2019/08/27,"1,208.01",4.87,0.4052%
417,2019/08/26,"1,203.13",-6.49,-0.5363%
418,2019/08/25,"1,209.62",-3.45,-0.284%
419,2019/08/22,"1,213.07",-0.99,-0.0816%
420,2019/08/21,"1,214.06",0.42,0.0346%
421,2019/08/20,"1,213.64",-8.43,-0.6897%
422,2019/08/19,"1,222.07",7.23,0.5951%
423,2019/08/18,"1,214.83",-9.20,-0.75%
424,2019/08/15,"1,224.04",-1.86,-0.1519%
425,2019/08/14,"1,225.90",-5.17,-0.4197%
426,2019/08/13,"1,231.07",-2.78,-0.2256%
427,2019/08/12,"1,233.85",0.13,0.0109%
428,2019/08/11,"1,233.72",-4.84,-0.3912%
429,2019/08/08,"1,238.56",-9.92,-0.7947%
430,2019/08/07,"1,248.49",2.75,0.221%
431,2019/08/06,"1,245.73",-9.36,-0.746%
432,2019/08/05,"1,255.10",-4.55,-0.3611%
433,2019/08/04,"1,259.64",-4.20,-0.332%
434,2019/08/01,"1,263.84",-1.74,-0.1374%
435,2019/07/31,"1,265.58",6.20,0.4923%
436,2019/07/30,"1,259.38",3.39,0.2699%
437,2019/07/29,"1,255.99",3.18,0.2539%
438,2019/07/28,"1,252.81",-17.11,-1.3477%
439,2019/07/25,"1,269.92",-14.15,-1.1019%
440,2019/07/24,"1,284.07",6.90,0.5401%
441,2019/07/23,"1,277.17",5.94,0.4676%
442,2019/07/22,"1,271.23",2.48,0.1955%
443,2019/07/21,"1,268.75",-3.75,-0.2945%
444,2019/07/18,"1,272.50",-2.37,-0.1857%
445,2019/07/17,"1,274.86",15.85,1.2587%
446,2019/07/16,"1,259.02",4.45,0.3546%
447,2019/07/15,"1,254.57",5.08,0.4062%
448,2019/07/14,"1,249.49",0.95,0.0759%
449,2019/07/11,"1,248.53",-0.62,-0.0497%
450,2019/07/10,"1,249.15",-1.12,-0.0898%
451,2019/07/09,"1,250.27",2.92,0.2341%
452,2019/07/08,"1,247.35",-8.70,-0.6923%
453,2019/07/07,"1,256.05",-4.45,-0.3533%
454,2019/07/04,"1,260.47",-8.27,-0.6516%
455,2019/07/03,"1,268.68",15.62,1.2468%
456,2019/07/02,"1,253.06",11.02,0.8875%
457,2019/07/01,"1,242.04",-2.86,-0.2294%
458,2019/06/30,"1,244.89",-12.27,-0.9756%
459,2019/06/27,"1,257.16",-1.14,-0.0903%
460,2019/06/26,"1,258.29",-2.78,-0.2203%
461,2019/06/25,"1,261.07",0.96,0.0758%
462,2019/06/24,"1,260.10",5.75,0.4583%
463,2019/06/23,"1,254.35",-10.01,-0.7918%
464,2019/06/20,"1,264.36",5.90,0.4685%
465,2019/06/19,"1,258.47",-0.20,-0.0159%
466,2019/06/18,"1,258.67",-2.23,-0.1771%
467,2019/06/17,"1,260.90",2.63,0.2089%
468,2019/06/16,"1,258.27",-11.36,-0.8946%
469,2019/06/13,"1,269.56",-2.92,-0.2297%
470,2019/06/12,"1,272.49",-3.50,-0.2742%
471,2019/06/11,"1,275.99",0.17,0.0134%
472,2019/06/10,"1,275.82",-8.77,-0.68%
473,2019/06/06,"1,284.59",-4.69,-0.3636%
474,2019/06/04,"1,289.28",-3.56,-0.2752%
475,2019/06/03,"1,292.84",-12.84,-0.9836%
476,2019/06/02,"1,305.68",-13.79,-1.045%
477,2019/05/30,"1,319.47",5.58,0.425%
478,2019/05/29,"1,313.88",8.39,0.643%
479,2019/05/28,"1,305.49",2.53,0.1945%
480,2019/05/27,"1,302.96",0.34,0.0262%
481,2019/05/26,"1,302.61",-11.93,-0.9077%
482,2019/05/23,"1,314.55",-5.08,-0.3853%
483,2019/05/22,"1,319.63",7.49,0.571%
484,2019/05/21,"1,312.14",4.42,0.3383%
485,2019/05/20,"1,307.71",-9.13,-0.693%
486,2019/05/19,"1,316.84",-1.87,-0.1419%
487,2019/05/16,"1,318.71",-2.29,-0.1735%
488,2019/05/15,"1,321.00",5.55,0.4218%
489,2019/05/14,"1,315.45",14.12,1.0849%
490,2019/05/13,"1,301.34",6.30,0.4867%
491,2019/05/12,"1,295.03",3.07,0.2376%
492,2019/05/09,"1,291.96",-5.64,-0.4343%
493,2019/05/08,"1,297.60",-3.68,-0.2825%
494,2019/05/07,"1,301.28",1.87,0.144%
495,2019/05/06,"1,299.41",21.73,1.7006%
496,2019/05/05,"1,277.68",-16.71,-1.2913%
497,2019/05/02,"1,294.39",-4.21,-0.3243%
498,2019/04/30,"1,298.60",-11.70,-0.8932%
499,2019/04/29,"1,310.31",-4.21,-0.3201%
500,2019/04/28,"1,314.51",22.39,1.7331%
501,2019/04/25,"1,292.12",12.83,1.003%
502,2019/04/24,"1,279.29",19.14,1.5188%
503,2019/04/23,"1,260.68",3.74,0.2977%
504,2019/04/22,"1,256.94",-7.26,-0.5742%
505,2019/04/21,"1,264.20",31.89,2.5878%
506,2019/04/18,"1,232.26",15.22,1.2504%
507,2019/04/17,"1,217.04",4.99,0.4119%
508,2019/04/16,"1,212.05",23.33,1.963%
509,2019/04/15,"1,188.71",4.70,0.3968%
510,2019/04/11,"1,184.02",-0.59,-0.0501%
511,2019/04/10,"1,184.61",3.52,0.2976%
512,2019/04/09,"1,181.10",-10.58,-0.8882%
513,2019/04/08,"1,191.68",9.32,0.7882%
514,2019/04/07,"1,182.36",17.16,1.4727%
515,2019/04/04,"1,165.20",-0.64,-0.0546%
516,2019/04/03,"1,165.84",2.01,0.1729%
517,2019/04/02,"1,163.47",13.72,1.1932%
518,2019/04/01,"1,149.99",6.43,0.5625%
519,2019/03/31,"1,143.59",-0.91,-0.0794%
520,2019/03/28,"1,144.53",2.01,0.1756%
521,2019/03/27,"1,140.71",0.00,-0.0003%
522,2019/03/26,"1,140.72",2.07,0.1817%
523,2019/03/25,"1,138.67",3.87,0.3414%
524,2019/03/24,"1,134.80",-5.78,-0.5063%
525,2019/03/21,"1,140.60",-6.86,-0.5982%
526,2019/03/19,"1,147.15",-6.83,-0.5915%
527,2019/03/18,"1,153.98",-7.47,-0.6433%
528,2019/03/17,"1,161.45",5.99,0.518%
529,2019/03/14,"1,155.50",5.40,0.4699%
530,2019/03/13,"1,150.10",-13.16,-1.1315%
531,2019/03/12,"1,163.26",20.33,1.7785%
532,2019/03/11,"1,142.93",14.28,1.2648%
533,2019/03/10,"1,128.71",0.94,0.0829%
534,2019/03/07,"1,127.77",16.01,1.4401%
535,2019/03/06,"1,111.76",9.12,0.8272%
536,2019/03/05,"1,102.64",2.06,0.1873%
537,2019/03/03,"1,100.58",-4.95,-0.4476%
538,2019/02/27,"1,105.53",2.97,0.2694%
539,2019/02/26,"1,102.56",-7.17,-0.6463%
540,2019/02/25,"1,109.73",7.41,0.6719%
541,2019/02/24,"1,102.32",-10.75,-0.9654%
542,2019/02/21,"1,113.07",0.84,0.0752%
543,2019/02/20,"1,112.23",-12.72,-1.1311%
544,2019/02/19,"1,124.96",22.44,2.0355%
545,2019/02/18,"1,102.51",-7.21,-0.6493%
546,2019/02/17,"1,109.72",-3.15,-0.2832%
547,2019/02/14,"1,112.87",-8.21,-0.7322%
548,2019/02/13,"1,121.08",-7.11,-0.6304%
549,2019/02/12,"1,128.19",-0.67,-0.0595%
550,2019/02/11,"1,128.86",1.34,0.1185%
551,2019/02/10,"1,127.53",-12.05,-1.0571%
552,2019/02/07,"1,139.57",-0.15,-0.0131%
553,2019/02/06,"1,139.72",-7.38,-0.6432%
554,2019/02/05,"1,147.10",2.83,0.2475%
555,2019/02/04,"1,144.27",-8.85,-0.7679%
556,2019/02/03,"1,153.06",-8.57,-0.7374%
557,2019/01/31,"1,161.63",1.04,0.0892%
558,2019/01/30,"1,160.59",-0.40,-0.0345%
559,2019/01/29,"1,160.99",-3.89,-0.3343%
560,2019/01/28,"1,164.89",2.79,0.2404%
561,2019/01/27,"1,162.09",-10.68,-0.911%
562,2019/01/24,"1,172.78",-0.20,-0.0174%
563,2019/01/23,"1,172.98",4.15,0.3548%
564,2019/01/22,"1,168.83",0.78,0.0666%
565,2019/01/21,"1,168.06",-10.86,-0.9215%
566,2019/01/20,"1,179.17",-8.60,-0.7237%
567,2019/01/17,"1,187.77",-0.20,-0.0169%
568,2019/01/16,"1,187.97",-7.57,-0.6331%
569,2019/01/15,"1,195.54",17.51,1.4863%
570,2019/01/14,"1,186.80",11.74,0.9993%
571,2019/01/13,"1,175.05",-5.78,-0.4898%
572,2019/01/10,"1,180.84",1.48,0.1255%
573,2019/01/09,"1,179.36",2.29,0.1947%
574,2019/01/08,"1,177.07",-0.40,-0.0339%
575,2019/01/07,"1,177.46",6.67,0.57%
576,2019/01/06,"1,170.79",-7.22,-0.6129%
577,2019/01/03,"1,178.87",-1.56,-0.132%
578,2019/01/02,"1,180.43",-5.42,-0.4573%
579,2019/01/01,"1,185.91",-1.36,-0.115%
580,2018/12/31,"1,187.28",-17.26,-1.4331%
581,2018/12/30,"1,204.54",-10.62,-0.8736%
582,2018/12/26,"1,216.27",30.26,2.5517%
583,2018/12/25,"1,186.03",-5.71,-0.4788%
584,2018/12/24,"1,191.74",-6.45,-0.5379%
585,2018/12/23,"1,198.18",32.24,2.7652%
586,2018/12/20,"1,165.97",3.28,0.2818%
587,2018/12/19,"1,162.70",-5.46,-0.4673%
588,2018/12/18,"1,168.17",-14.61,-1.2351%
589,2018/12/17,"1,182.78",15.17,1.2994%
590,2018/12/16,"1,167.67",18.89,1.6443%
591,2018/12/13,"1,148.78",7.60,0.6662%
592,2018/12/12,"1,141.18",0.08,0.0066%
593,2018/12/11,"1,141.10",-3.08,-0.2695%
594,2018/12/10,"1,144.19",12.49,1.1037%
595,2018/12/09,"1,131.70",10.85,0.6777%
596,2018/12/06,"1,120.84",2.70,0.2419%
597,2018/12/04,"1,142.01",10.27,0.9072%
598,2018/12/03,"1,131.73",0.90,0.0792%
599,2018/12/02,"1,130.63",-17.73,-1.544%
600,2018/11/29,"1,148.70",-10.37,-0.8949%
601,2018/11/28,"1,159.38",-2.10,-0.1812%
602,2018/11/27,"1,161.43",1.61,0.1385%
603,2018/11/26,"1,160.28",-6.35,-0.5441%
604,2018/11/25,"1,166.43",-14.82,-1.2543%
605,2018/11/22,"1,181.41",-1.14,-0.0964%
606,2018/11/21,"1,182.74",1.00,0.0844%
607,2018/11/20,"1,181.66",-8.54,-0.7179%
608,2018/11/19,"1,189.56",-5.90,-0.4934%
609,2018/11/18,"1,194.87",-10.14,-0.8416%
610,2018/11/15,"1,205.02",-3.88,-0.32%
611,2018/11/14,"1,208.89",1.32,0.11%
612,2018/11/13,"1,207.57",14.24,1.19%
613,2018/11/12,"1,193.34",-12.44,-1.03%
614,2018/11/11,"1,205.22",-17.31,-1.4158%
615,2018/11/06,"1,222.53",3.33,0.27%
616,2018/11/05,"1,219.20",11.92,0.99%
617,2018/11/04,"1,207.28",-13.70,-1.12%
618,2018/11/01,"1,220.98",-0.48,-0.04%
619,2018/10/31,"1,221.46",-2.90,-0.24%
620,2018/10/30,"1,224.36",7.43,0.61%
621,2018/10/29,"1,216.93",-10.56,-0.86%
622,2018/10/28,"1,227.49",-13.62,-1.1%
623,2018/10/25,"1,241.11",-8.82,-0.7056%
624,2018/10/24,"1,249.93",8.09,0.65%
625,2018/10/23,"1,241.84",-2.70,-0.2169%
626,2018/10/22,"1,244.54",-1.98,-0.1588%
627,2018/10/21,"1,246.52",4.89,0.39%
628,2018/10/15,"1,241.63",-0.80,-0.06%
629,2018/10/14,"1,242.43",14.15,1.15%
630,2018/10/11,"1,228.28",9.95,0.82%
631,2018/10/10,"1,218.33",0.40,0.03%
632,2018/10/09,"1,217.93",-2.59,-0.21%
633,2018/10/08,"1,220.52",6.16,0.51%
634,2018/10/07,"1,214.36",-13.01,-1.06%
635,2018/10/04,"1,227.37",-3.23,-0.26%
636,2018/10/03,"1,230.60",-10.76,-0.87%
637,2018/10/02,"1,241.36",2.69,0.22%
638,2018/10/01,"1,238.67",-18.04,-1.4355%
639,2018/09/30,"1,256.71",-10.47,-0.8262%
640,2018/09/27,"1,267.18",-10.56,-0.83%
641,2018/09/26,"1,277.74",-2.31,-0.18%
642,2018/09/25,"1,280.05",22.37,1.7787%
643,2018/09/23,"1,257.68",2.61,0.21%
644,2018/09/20,"1,255.07",-3.74,-0.2971%
645,2018/09/18,"1,258.81",2.41,0.1918%
646,2018/09/17,"1,256.40",-0.13,-0.01%
647,2018/09/16,"1,256.53",11.69,0.94%
648,2018/09/13,"1,244.84",14.13,1.15%
649,2018/09/12,"1,230.71",13.06,1.07%
650,2018/09/11,"1,217.65",6.77,0.56%
651,2018/09/10,"1,210.88",-8.10,-0.66%
652,2018/09/09,"1,218.98",-10.79,-0.88%
653,2018/09/06,"1,229.77",-4.36,-0.35%
654,2018/09/05,"1,234.13",23.89,1.97%
655,2018/09/04,"1,210.24",3.98,0.33%
656,2018/09/03,"1,206.26",15.98,1.34%
657,2018/09/02,"1,190.28",8.59,0.73%
658,2018/08/30,"1,181.69",9.39,0.801%
659,2018/08/29,"1,172.30",-4.79,-0.4069%
660,2018/08/28,"1,177.09",1.37,0.1165%
661,2018/08/26,"1,175.72",-2.78,-0.24%
662,2018/08/23,"1,178.50",-3.92,-0.3315%
663,2018/08/22,"1,182.42",-1.47,-0.1242%
664,2018/08/21,"1,183.89",-4.18,-0.35%
665,2018/08/20,"1,188.07",-8.22,-0.6871%
666,2018/08/19,"1,196.29",-14.03,-1.16%
667,2018/08/16,"1,210.32",0.61,0.05%
668,2018/08/15,"1,209.71",28.73,2.43%
669,2018/08/14,"1,180.98",6.61,0.56%
670,2018/08/13,"1,174.37",10.43,0.9%
671,2018/08/12,"1,163.94",-16.69,-1.41%
672,2018/08/09,"1,180.63",-6.69,-0.56%
673,2018/08/08,"1,187.32",-0.89,-0.07%
674,2018/08/07,"1,188.21",-1.46,-0.12%
675,2018/08/06,"1,189.67",-0.21,-0.02%
676,2018/08/05,"1,189.88",-1.43,-0.12%
677,2018/08/02,"1,191.31",-2.56,-0.21%
678,2018/08/01,"1,193.87",2.40,0.2%
679,2018/07/31,"1,191.47",-2.91,-0.24%
680,2018/07/30,"1,194.38",-0.44,-0.04%
681,2018/07/29,"1,194.82",3.62,0.3%
682,2018/07/26,"1,191.20",-3.15,-0.26%
683,2018/07/25,"1,194.35",-4.92,-0.41%
684,2018/07/24,"1,199.27",4.77,0.4%
685,2018/07/23,"1,194.50",12.84,1.0866%
686,2018/07/22,"1,181.66",-11.73,-0.98%
687,2018/07/19,"1,193.39",-5.38,-0.4488%
688,2018/07/18,"1,198.75",-5.56,-0.46%
689,2018/07/17,"1,204.31",-8.05,-0.66%
690,2018/07/16,"1,212.36",12.27,1.02%
691,2018/07/15,"1,200.09",8.11,0.68%
692,2018/07/12,"1,191.98",-13.66,-1.133%
693,2018/07/11,"1,205.64",-0.29,-0.02%
694,2018/07/10,"1,205.93",-0.50,-0.04%
695,2018/07/09,"1,206.43",-17.96,-1.47%
696,2018/07/08,"1,224.39",-0.02,0%
697,2018/07/05,"1,224.41",36.01,3.03%
698,2018/07/04,"1,188.40",8.04,0.68%
699,2018/07/03,"1,180.36",0.65,0.06%
700,2018/07/02,"1,179.71",-4.82,-0.41%
701,2018/07/01,"1,184.53",-14.01,-1.17%
702,2018/06/28,"1,198.54",-0.88,-0.07%
703,2018/06/27,"1,199.42",4.62,0.39%
704,2018/06/26,"1,194.80",-15.29,-1.26%
705,2018/06/25,"1,210.09",-9.72,-0.8%
706,2018/06/24,"1,219.81",1.35,0.1108%
707,2018/06/21,"1,218.46",0.62,0.05%
708,2018/06/20,"1,217.84",-8.34,-0.68%
709,2018/06/19,"1,226.18",-8.97,-0.73%
710,2018/06/18,"1,235.15",1.92,0.16%
711,2018/06/17,"1,233.23",-14.07,-1.13%
712,2018/06/14,"1,247.30",5.23,0.42%
713,2018/06/13,"1,242.07",2.81,0.23%
714,2018/06/12,"1,239.26",-1.93,-0.16%
715,2018/06/11,"1,241.19",9.55,0.78%
716,2018/06/10,"1,231.64",-25.43,-2.023%
717,2018/06/07,"1,257.07",-25.68,-2%
718,2018/06/06,"1,282.75",13.91,1.1%
719,2018/06/04,"1,268.84",-5.11,-0.4011%
720,2018/06/03,"1,273.95",-33.71,-2.58%
721,2018/05/31,"1,307.66",-14.61,-1.1%
722,2018/05/30,"1,322.27",-4.94,-0.37%
723,2018/05/29,"1,327.21",-9.18,-0.69%
724,2018/05/28,"1,336.39",35.98,2.77%
725,2018/05/27,"1,300.41",-17.81,-1.35%
726,2018/05/24,"1,318.22",-10.05,-0.7566%
727,2018/05/23,"1,328.27",-4.55,-0.34%
728,2018/05/22,"1,332.82",-4.31,-0.32%
729,2018/05/21,"1,337.13",-2.06,-0.15%
730,2018/05/20,"1,339.19",-0.46,-0.03%
731,2018/05/17,"1,339.65",1.64,0.12%
732,2018/05/16,"1,338.01",4.16,0.31%
733,2018/05/15,"1,333.85",-4.32,-0.32%
734,2018/05/14,"1,338.17",-10.28,-0.76%
735,2018/05/10,"1,348.45",-7.70,-0.57%
736,2018/05/09,"1,356.15",-4.87,-0.3578%
737,2018/05/08,"1,361.02",15.65,1.16%
738,2018/05/07,"1,345.37",-8.27,-0.6109%
739,2018/05/06,"1,353.64",-12.51,-0.92%
740,2018/05/03,"1,366.15",5.77,0.42%
741,2018/05/02,"1,360.38",11.37,0.84%
742,2018/04/29,"1,349.01",-8.21,-0.6049%
743,2018/04/26,"1,357.22",-29.25,-2.1097%
744,2018/04/25,"1,386.47",-8.39,-0.6%
745,2018/04/24,"1,394.86",-15.99,-1.13%
746,2018/04/23,"1,410.85",-27.64,-1.92%
747,2018/04/22,"1,438.49",50.18,3.61%
748,2018/04/19,"1,388.31",25.30,1.86%
749,2018/04/18,"1,363.01",31.83,2.39%
750,2018/04/17,"1,331.18",33.61,2.59%
751,2018/04/16,"1,297.57",17.42,1.3608%
752,2018/04/15,"1,280.15",2.60,0.2035%
753,2018/04/12,"1,277.55",4.22,0.3314%
754,2018/04/11,"1,273.33",3.10,0.2441%
755,2018/04/10,"1,270.23",-17.55,-1.3628%
756,2018/04/09,"1,287.78",-6.87,-0.5306%
757,2018/04/08,"1,294.65",44.26,3.5397%
758,2018/04/05,"1,250.39",23.94,1.952%
759,2018/04/04,"1,226.45",27.45,2.2894%
760,2018/04/03,"1,199.00",6.04,0.5063%
761,2018/04/02,"1,192.96",-3.28,-0.2742%
762,2018/04/01,"1,196.24",-24.05,-1.9708%
763,2018/03/29,"1,220.29",15.48,1.28%
764,2018/03/28,"1,204.81",-2.90,-0.2401%
765,2018/03/27,"1,207.71",39.16,3.35%
766,2018/03/26,"1,168.55",-51.89,-4.25%
767,2018/03/22,"1,220.44",-10.63,-0.86%
768,2018/03/21,"1,231.07",-24.40,-1.94%
769,2018/03/20,"1,255.47",-15.05,-1.18%
770,2018/03/19,"1,270.52",-8.44,-0.66%
771,2018/03/18,"1,278.96",-9.40,-0.73%
772,2018/03/15,"1,288.36",2.40,0.19%
773,2018/03/14,"1,285.96",4.06,0.3167%
774,2018/03/13,"1,281.90",4.89,0.38%
775,2018/03/12,"1,277.01",-7.08,-0.55%
776,2018/03/11,"1,284.09",-31.04,-2.36%
777,2018/03/07,"1,315.13",18.69,1.44%
778,2018/03/06,"1,296.44",8.70,0.68%
779,2018/03/05,"1,287.74",-16.69,-1.2795%
780,2018/03/04,"1,304.43",-41.56,-3.09%
781,2018/02/28,"1,345.99",-18.82,-1.38%
782,2018/02/27,"1,364.81",5.86,0.43%
783,2018/02/26,"1,358.95",-15.78,-1.15%
784,2018/02/25,"1,374.73",-12.25,-0.88%
785,2018/02/22,"1,386.98",-0.10,-0.01%
786,2018/02/21,"1,387.08",-9.64,-0.69%
787,2018/02/20,"1,396.72",-17.18,-1.2151%
788,2018/02/18,"1,413.89",-11.06,-0.78%
789,2018/02/15,"1,424.95",36.01,2.5926%
790,2018/02/14,"1,388.94",8.65,0.63%
791,2018/02/12,"1,380.29",-4.42,-0.3192%
792,2018/02/11,"1,384.71",-6.32,-0.45%
793,2018/02/08,"1,391.03",9.01,0.6519%
794,2018/02/07,"1,382.02",-12.01,-0.8615%
795,2018/02/06,"1,394.03",-6.02,-0.43%
796,2018/02/05,"1,400.05",-10.46,-0.74%
797,2018/02/04,"1,410.51",-1.01,-0.07%
798,2018/02/01,"1,411.52",7.03,0.5005%
799,2018/01/31,"1,404.49",2.26,0.16%
800,2018/01/29,"1,402.23",-3.72,-0.26%
801,2018/01/28,"1,405.95",1.42,0.1011%
802,2018/01/25,"1,404.53",9.80,0.7026%
803,2018/01/24,"1,394.73",1.69,0.1213%
804,2018/01/23,"1,393.04",-9.05,-0.65%
805,2018/01/22,"1,402.09",-0.58,-0.04%
806,2018/01/21,"1,402.67",-3.85,-0.2737%
807,2018/01/17,"1,406.52",-7.19,-0.5086%
808,2018/01/16,"1,413.71",-17.39,-1.22%
809,2018/01/14,"1,431.10",-9.19,-0.6381%
810,2018/01/10,"1,440.29",-15.78,-1.0837%
811,2018/01/09,"1,456.07",12.27,0.85%
812,2018/01/08,"1,443.80",12.00,0.8381%
813,2018/01/07,"1,431.80",7.97,0.56%
814,2018/01/04,"1,423.83",7.22,0.5097%
815,2018/01/03,"1,416.61",-20.63,-1.4354%
816,2018/01/02,"1,437.24",2.44,0.17%
817,2018/01/01,"1,434.80",44.22,3.18%
818,2017/12/31,"1,390.58",-24.20,-1.71%
819,2017/12/28,"1,414.78",-10.73,-0.75%
820,2017/12/27,"1,425.51",-21.53,-1.4879%
821,2017/12/26,"1,447.04",-20.64,-1.4063%
822,2017/12/24,"1,467.68",-4.47,-0.3036%
823,2017/12/21,"1,472.15",-12.32,-0.8299%
824,2017/12/20,"1,484.47",-9.29,-0.62%
825,2017/12/19,"1,493.76",-14.49,-0.9607%
826,2017/12/18,"1,508.25",-0.89,-0.059%
827,2017/12/17,"1,509.14",-11.01,-0.7243%
828,2017/12/14,"1,518.03",-2.71,-0.1782%
829,2017/12/13,"1,520.74",10.53,0.7%
830,2017/12/12,"1,510.21",-17.54,-1.1481%
831,2017/12/11,"1,527.75",-2.74,-0.179%
832,2017/12/10,"1,530.49",-6.05,-0.3937%
833,2017/12/06,"1,536.54",11.67,0.7653%
834,2017/12/05,"1,524.87",-1.90,-0.1244%
835,2017/12/04,"1,526.77",-10.90,-0.7089%
836,2017/11/30,"1,537.67",1.55,0.1%
837,2017/11/29,"1,536.12",12.26,0.8%
838,2017/11/28,"1,523.86",10.12,0.6685%
839,2017/11/27,"1,513.74",-0.60,-0.0396%
840,2017/11/26,"1,514.34",21.05,1.41%
841,2017/11/23,"1,493.29",13.03,0.88%
842,2017/11/22,"1,480.26",8.02,0.5447%
843,2017/11/21,"1,472.24",3.08,0.2096%
844,2017/11/20,"1,469.16",-6.56,-0.4445%
845,2017/11/19,"1,475.72",-13.34,-0.9%
846,2017/11/16,"1,489.06",-15.73,-1.0453%
847,2017/11/15,"1,504.79",-11.23,-0.7408%
848,2017/11/14,"1,516.02",25.14,1.6863%
849,2017/11/13,"1,490.88",13.74,0.9302%
850,2017/11/12,"1,477.14",16.41,1.12%
851,2017/11/09,"1,460.73",-5.89,-0.4016%
852,2017/11/08,"1,466.62",-17.83,-1.2011%
853,2017/11/07,"1,484.45",-8.97,-0.6006%
854,2017/11/06,"1,493.42",-3.04,-0.2%
855,2017/11/05,"1,496.46",-26.35,-1.7304%
856,2017/11/02,"1,522.81",-3.70,-0.2424%
857,2017/11/01,"1,526.51",-7.02,-0.4578%
858,2017/10/31,"1,533.53",-3.19,-0.2076%
859,2017/10/30,"1,536.72",-3.51,-0.2279%
860,2017/10/29,"1,540.23",-13.49,-0.87%
861,2017/10/25,"1,553.72",-13.92,-0.888%
862,2017/10/24,"1,567.64",-0.66,-0.04%
863,2017/10/23,"1,568.30",-3.62,-0.23%
864,2017/10/22,"1,571.92",3.57,0.2276%
865,2017/10/18,"1,568.35",9.17,0.5881%
866,2017/10/17,"1,559.18",-5.72,-0.3655%
867,2017/10/16,"1,564.90",46.62,3.0706%
868,2017/10/15,"1,518.28",8.26,0.547%
869,2017/10/12,"1,510.02",4.03,0.2676%
870,2017/10/11,"1,505.99",3.36,0.2236%
871,2017/10/10,"1,502.63",0.74,0.0493%
872,2017/10/09,"1,501.89",-8.12,-0.5377%
873,2017/10/08,"1,510.01",-32.64,-2.1158%
874,2017/10/04,"1,542.65",-13.70,-0.88%
875,2017/10/03,"1,556.35",6.89,0.4447%
876,2017/09/26,"1,549.46",4.02,0.2601%
877,2017/09/25,"1,545.44",8.52,0.5544%
878,2017/09/24,"1,536.92",-2.89,-0.1877%
879,2017/09/20,"1,539.81",-3.89,-0.252%
880,2017/09/18,"1,543.70",-4.24,-0.2739%
881,2017/09/17,"1,547.94",17.63,1.1521%
882,2017/09/14,"1,530.31",37.11,2.4853%
883,2017/09/13,"1,493.20",-9.00,-0.5991%
884,2017/09/12,"1,502.20",-21.06,-1.3826%
885,2017/09/11,"1,523.26",3.60,0.2369%
886,2017/09/10,"1,519.66",-34.89,-2.2444%
887,2017/09/07,"1,554.55",-11.95,-0.7628%
888,2017/09/06,"1,566.50",11.94,0.7681%
889,2017/09/04,"1,554.56",-25.47,-1.612%
890,2017/08/31,"1,580.03",-18.33,-1.15%
891,2017/08/30,"1,598.36",-14.55,-0.9%
892,2017/08/28,"1,612.91",-9.41,-0.58%
893,2017/08/27,"1,622.32",4.51,0.28%
894,2017/08/24,"1,617.81",6.54,0.41%
895,2017/08/23,"1,611.27",-2.78,-0.1722%
896,2017/08/22,"1,614.05",2.48,0.1539%
897,2017/08/21,"1,611.57",-6.40,-0.3956%
898,2017/08/20,"1,617.97",-11.78,-0.7228%
899,2017/08/17,"1,629.75",-2.91,-0.1782%
900,2017/08/16,"1,632.66",3.50,0.2148%
901,2017/08/15,"1,629.16",-12.97,-0.7898%
902,2017/08/13,"1,642.13",-11.40,-0.6894%
903,2017/08/10,"1,653.53",-8.19,-0.4929%
904,2017/08/09,"1,661.72",-6.22,-0.3729%
905,2017/08/07,"1,667.94",2.89,0.17%
906,2017/08/06,"1,665.05",4.47,0.2692%
907,2017/08/03,"1,660.58",-2.16,-0.13%
908,2017/08/02,"1,662.74",2.49,0.15%
909,2017/08/01,"1,660.25",7.56,0.4574%
910,2017/07/31,"1,652.69",9.41,0.5726%
911,2017/07/30,"1,643.28",-3.25,-0.2%
912,2017/07/27,"1,646.53",1.50,0.0912%
913,2017/07/26,"1,645.03",8.84,0.5403%
914,2017/07/25,"1,636.19",7.11,0.4364%
915,2017/07/24,"1,629.08",-6.48,-0.3962%
916,2017/07/23,"1,635.56",-0.19,-0.0116%
917,2017/07/20,"1,635.75",-1.52,-0.0928%
918,2017/07/19,"1,637.27",-1.14,-0.0696%
919,2017/07/18,"1,638.41",34.26,2.1357%
920,2017/07/17,"1,604.15",20.58,1.2996%
921,2017/07/16,"1,583.57",0.90,0.0569%
922,2017/07/13,"1,582.67",-4.89,-0.308%
923,2017/07/12,"1,587.56",2.55,0.1609%
924,2017/07/11,"1,585.01",9.79,0.6215%
925,2017/07/10,"1,575.22",-8.93,-0.5637%
926,2017/07/09,"1,584.15",2.04,0.13%
927,2017/07/06,"1,582.11",31.05,2.0019%
928,2017/07/05,"1,551.06",9.78,0.6345%
929,2017/07/04,"1,541.28",-3.01,-0.1949%
930,2017/07/03,"1,544.29",2.47,0.1602%
931,2017/07/02,"1,541.82",-21.99,-1.4062%
932,2017/06/28,"1,563.81",-1.28,-0.0818%
933,2017/06/27,"1,565.09",-2.63,-0.1678%
934,2017/06/25,"1,567.72",8.23,0.5277%
935,2017/06/22,"1,559.49",4.80,0.3087%
936,2017/06/21,"1,554.69",3.62,0.2334%
937,2017/06/20,"1,551.07",-4.09,-0.263%
938,2017/06/19,"1,555.16",-20.82,-1.3211%
939,2017/06/18,"1,575.98",-13.61,-0.8562%
940,2017/06/15,"1,589.59",5.10,0.3219%
941,2017/06/14,"1,584.49",-0.66,-0.0416%
942,2017/06/13,"1,585.15",4.63,0.2929%
943,2017/06/12,"1,580.52",-9.97,-0.6269%
944,2017/06/11,"1,590.49",-24.70,-1.5292%
945,2017/06/08,"1,615.19",-7.94,-0.4892%
946,2017/06/07,"1,623.13",-14.24,-0.8697%
947,2017/06/06,"1,637.37",34.72,2.1664%
948,2017/06/05,"1,602.65",8.84,0.5546%
949,2017/06/04,"1,593.81",-10.50,-0.6545%
950,2017/06/01,"1,604.31",-3.80,-0.2363%
951,2017/05/31,"1,608.11",13.68,0.86%
952,2017/05/30,"1,594.43",-21.15,-1.3091%
953,2017/05/28,"1,615.58",-14.00,-0.8591%
954,2017/05/24,"1,629.58",3.07,0.19%
955,2017/05/23,"1,626.51",10.11,0.6255%
956,2017/05/22,"1,616.40",-10.84,-0.6662%
957,2017/05/21,"1,627.24",-16.63,-1.0116%
958,2017/05/18,"1,643.87",-0.39,-0.02%
959,2017/05/17,"1,644.26",-4.98,-0.302%
960,2017/05/16,"1,649.24",-9.99,-0.6021%
961,2017/05/15,"1,659.23",0.65,0.0392%
962,2017/05/11,"1,658.58",7.77,0.4707%
963,2017/05/09,"1,650.81",13.51,0.8251%
964,2017/05/08,"1,637.30",8.32,0.5107%
965,2017/05/07,"1,628.98",-24.20,-1.4639%
966,2017/05/04,"1,653.18",-9.20,-0.5534%
967,2017/05/03,"1,662.38",4.05,0.2442%
968,2017/05/02,"1,658.33",7.55,0.4574%
969,2017/04/30,"1,650.78",-19.84,-1.1876%
970,2017/04/27,"1,670.62",0.32,0.0192%
971,2017/04/26,"1,670.30",-2.08,-0.1244%
972,2017/04/25,"1,672.38",-3.40,-0.2029%
973,2017/04/24,"1,675.78",-17.94,-1.0592%
974,2017/04/23,"1,693.72",35.38,2.13%
975,2017/04/20,"1,658.34",-3.68,-0.2214%
976,2017/04/19,"1,662.02",49.98,3.1004%
977,2017/04/18,"1,612.04",-39.57,-2.4%
978,2017/04/16,"1,651.61",-45.52,-2.6822%
979,2017/04/13,"1,697.13",-5.94,-0.3488%
980,2017/04/12,"1,703.07",-6.75,-0.3948%
981,2017/04/11,"1,709.82",33.60,2.0045%
982,2017/04/10,"1,676.22",24.62,1.4907%
983,2017/04/09,"1,651.60",0.56,0.0339%
984,2017/04/06,"1,651.04",-5.98,-0.36%
985,2017/04/04,"1,657.02",-3.50,-0.21%
986,2017/04/03,"1,660.52",-6.59,-0.3953%
987,2017/04/02,"1,667.11",79.47,5.0055%
988,2017/03/30,"1,587.64",-0.65,-0.04%
989,2017/03/29,"1,588.29",-22.33,-1.39%
990,2017/03/28,"1,610.62",76.79,5.01%
991,2017/03/26,"1,533.83",47.79,3.2159%
992,2017/03/23,"1,486.04",4.96,0.3349%
993,2017/03/22,"1,481.08",18.85,1.2891%
994,2017/03/21,"1,462.23",37.85,2.6573%
995,2017/03/20,"1,424.38",42.19,3.0524%
996,2017/03/19,"1,382.19",24.85,1.83%
997,2017/03/16,"1,357.34",1.21,0.0892%
998,2017/03/15,"1,356.13",9.04,0.6711%
999,2017/03/14,"1,347.09",-8.14,-0.6006%
1000,2017/03/13,"1,355.23",7.70,0.5714%
1001,2017/03/09,"1,347.53",5.97,0.445%
1002,2017/03/07,"1,341.56",-16.85,-1.2404%
1003,2017/03/02,"1,329.41",12.61,0.9576%
1004,2017/03/01,"1,316.80",17.51,1.3477%
1005,2017/02/28,"1,299.29",-13.72,-1.0449%
1006,2017/02/26,"1,313.01",-24.45,-1.8281%
1007,2017/02/23,"1,337.46",-6.65,-0.4948%
1008,2017/02/22,"1,344.11",-13.46,-0.9915%
1009,2017/02/21,"1,357.57",-7.54,-0.5523%
1010,2017/02/20,"1,365.11",-4.24,-0.31%
1011,2017/02/19,"1,369.35",25.50,1.8975%
1012,2017/02/16,"1,343.85",27.05,2.0542%
1013,2017/02/15,"1,316.80",41.83,3.28%
1014,2017/02/14,"1,274.97",-4.01,-0.3135%
1015,2017/02/13,"1,278.98",26.48,2.1142%
1016,2017/02/12,"1,252.50",-43.73,-3.3736%
1017,2017/02/09,"1,296.23",-26.75,-2.022%
1018,2017/02/08,"1,322.98",-21.62,-1.6079%
1019,2017/02/07,"1,344.60",-4.24,-0.3143%
1020,2017/02/06,"1,348.84",-15.66,-1.1477%
1021,2017/02/05,"1,364.50",-17.95,-1.2984%
1022,2017/02/02,"1,382.45",-7.38,-0.531%
1023,2017/02/01,"1,389.83",63.23,4.7663%
1024,2017/01/31,"1,326.60",16.90,1.2904%
1025,2017/01/30,"1,309.70",-65.44,-4.76%
1026,2017/01/26,"1,375.14",-21.47,-1.5373%
1027,2017/01/25,"1,396.61",-36.38,-2.5388%
1028,2017/01/24,"1,432.99",-24.89,-1.7073%
1029,2017/01/23,"1,457.88",-7.96,-0.543%
1030,2017/01/22,"1,465.84",3.28,0.2243%
1031,2017/01/19,"1,462.56",0.33,0.0226%
1032,2017/01/18,"1,462.23",-0.81,-0.0554%
1033,2017/01/17,"1,463.04",-3.05,-0.208%
1034,2017/01/16,"1,466.09",-11.63,-0.787%
1035,2017/01/15,"1,477.72",-2.14,-0.1446%
1036,2017/01/12,"1,479.86",3.35,0.2269%
1037,2017/01/11,"1,476.51",-0.39,-0.0264%
1038,2017/01/10,"1,476.90",17.93,1.229%
1039,2017/01/09,"1,458.97",11.52,0.7959%
1040,2017/01/08,"1,447.45",-6.69,-0.4601%
1041,2017/01/05,"1,454.14",-3.68,-0.2524%
1042,2017/01/04,"1,457.82",1.00,0.0686%
1043,2017/01/03,"1,456.82",-26.03,-1.7554%
1044,2017/01/02,"1,482.85",17.13,1.1687%
1045,2017/01/01,"1,465.72",22.34,1.5478%
1046,2016/12/29,"1,443.38",30.23,2.1392%
1047,2016/12/28,"1,413.15",5.62,0.4%
1048,2016/12/27,"1,407.53",-25.04,-1.7479%
1049,2016/12/26,"1,432.57",-42.84,-2.9036%
1050,2016/12/22,"1,475.41",4.78,0.325%
1051,2016/12/21,"1,470.63",-25.36,-1.6952%
1052,2016/12/20,"1,495.99",-18.89,-1.247%
1053,2016/12/19,"1,514.88",-16.47,-1.08%
1054,2016/12/18,"1,531.35",1.29,0.0843%
1055,2016/12/15,"1,530.06",13.98,0.92%
1056,2016/12/14,"1,516.08",6.65,0.4406%
1057,2016/12/12,"1,509.43",-13.37,-0.878%
1058,2016/12/11,"1,522.80",-21.88,-1.4165%
1059,2016/12/08,"1,544.68",-9.22,-0.59%
1060,2016/12/07,"1,553.90",-0.61,-0.0392%
1061,2016/12/06,"1,554.51",9.91,0.64%
1062,2016/12/05,"1,544.60",-26.35,-1.6773%
1063,2016/12/04,"1,570.95",-29.54,-1.85%
1064,2016/12/01,"1,600.49",-7.84,-0.49%
1065,2016/11/30,"1,608.33",54.65,3.5175%
1066,2016/11/29,"1,553.68",43.52,2.88%
1067,2016/11/28,"1,510.16",40.68,2.77%
1068,2016/11/27,"1,469.48",-64.55,-4.21%
1069,2016/11/24,"1,534.03",-5.98,-0.3883%
1070,2016/11/23,"1,540.01",-42.46,-2.68%
1071,2016/11/22,"1,582.47",-23.82,-1.48%
1072,2016/11/21,"1,606.29",6.67,0.42%
1073,2016/11/20,"1,599.62",-58.46,-3.5258%
1074,2016/11/17,"1,658.08",-40.82,-2.4%
1075,2016/11/16,"1,698.90",-3.01,-0.18%
1076,2016/11/15,"1,701.91",-4.37,-0.26%
1077,2016/11/14,"1,706.28",6.28,0.37%
1078,2016/11/13,"1,700.00",2.83,0.17%
1079,2016/11/10,"1,697.17",0.31,0.02%
1080,2016/11/09,"1,696.86",-27.63,-1.6%
1081,2016/11/08,"1,724.49",-24.63,-1.41%
1082,2016/11/07,"1,749.12",-13.09,-0.74%
1083,2016/11/03,"1,762.21",2.50,0.14%
1084,2016/10/27,"1,759.71",6.25,0.36%
1085,2016/10/26,"1,753.46",2.46,0.14%
1086,2016/10/25,"1,751.00",-17.89,-1.0114%
1087,2016/10/24,"1,768.89",-13.50,-0.76%
1088,2016/10/23,"1,782.39",-12.08,-0.67%
1089,2016/10/20,"1,794.47",6.58,0.37%
1090,2016/10/19,"1,787.89",-4.84,-0.27%
1091,2016/10/18,"1,792.73",-0.63,-0.04%
1092,2016/10/17,"1,793.36",-10.38,-0.58%
1093,2016/10/16,"1,803.74",-16.14,-0.89%
1094,2016/10/06,"1,819.88",13.28,0.74%
1095,2016/10/05,"1,806.60",8.10,0.45%
1096,2016/10/04,"1,798.50",18.10,1.02%
1097,2016/10/03,"1,780.40",16.62,0.94%
1098,2016/10/02,"1,763.78",10.40,0.59%
1099,2016/09/29,"1,753.38",4.28,0.24%
1100,2016/09/28,"1,749.10",-4.62,-0.26%
1101,2016/09/27,"1,753.72",-3.38,-0.19%
1102,2016/09/26,"1,757.10",26.46,1.53%
1103,2016/09/25,"1,730.64",-36.27,-2.05%
1104,2016/09/22,"1,766.91",-12.22,-0.69%
1105,2016/09/21,"1,779.13",-7.37,-0.41%
1106,2016/09/20,"1,786.50",-17.98,-1%
1107,2016/09/18,"1,804.48",-10.69,-0.5889%
1108,2016/09/14,"1,815.17",-3.52,-0.19%
1109,2016/09/12,"1,818.69",1.88,0.1%
1110,2016/09/11,"1,816.81",-6.24,-0.34%
1111,2016/09/08,"1,823.05",-1.78,-0.1%
1112,2016/09/07,"1,824.83",-9.97,-0.54%
1113,2016/09/06,"1,834.80",-4.10,-0.22%
1114,2016/09/05,"1,838.90",19.07,1.05%
1115,2016/09/04,"1,819.83",14.65,0.8116%
1116,2016/09/01,"1,805.18",7.73,0.43%
1117,2016/08/31,"1,797.45",9.37,0.52%
1118,2016/08/30,"1,788.08",21.54,1.22%
1119,2016/08/29,"1,766.54",18.31,1.05%
1120,2016/08/28,"1,748.23",17.61,1.02%
1121,2016/08/24,"1,730.62",48.76,2.9%
1122,2016/08/23,"1,681.86",-1.26,-0.07%
1123,2016/08/22,"1,683.12",-39.31,-2.28%
1124,2016/08/21,"1,722.43",-12.63,-0.73%
1125,2016/08/17,"1,735.06",17.61,1.03%
1126,2016/08/16,"1,717.45",22.64,1.34%
1127,2016/08/15,"1,694.81",-39.12,-2.26%
1128,2016/08/14,"1,733.93",-40.94,-2.31%
1129,2016/08/11,"1,774.87",-4.70,-0.26%
1130,2016/08/10,"1,777.06",16.64,0.9452%
1131,2016/08/09,"1,760.42",84.51,5.0426%
1132,2016/08/08,"1,675.91",-88.81,-5.0325%
1133,2016/08/07,"1,764.72",-3.88,-0.22%
1134,2016/08/04,"1,768.60",-45.12,-2.49%
1135,2016/08/03,"1,813.72",-12.75,-0.7%
1136,2016/08/02,"1,826.47",-18.94,-1.03%
1137,2016/08/01,"1,845.41",-17.35,-0.93%
1138,2016/07/31,"1,862.76",-15.17,-0.81%
1139,2016/07/28,"1,877.93",-3.52,-0.19%
1140,2016/07/27,"1,881.45",14.95,0.8%
1141,2016/07/26,"1,866.50",28.01,1.52%
1142,2016/07/25,"1,838.49",39.66,2.2048%
1143,2016/07/21,"1,798.83",11.99,0.67%
1144,2016/07/20,"1,786.84",-13.63,-0.76%
1145,2016/07/19,"1,800.47",13.90,0.778%
1146,2016/07/18,"1,786.57",40.83,2.34%
1147,2016/07/17,"1,745.74",27.59,1.61%
1148,2016/07/14,"1,718.15",27.72,1.64%
1149,2016/07/13,"1,690.43",-2.64,-0.16%
1150,2016/07/12,"1,693.07",-9.20,-0.54%
1151,2016/07/11,"1,702.27",-20.26,-1.18%
1152,2016/07/10,"1,722.53",6.81,0.4%
1153,2016/07/06,"1,715.72",2.69,0.16%
1154,2016/07/05,"1,713.21",-3.62,-0.21%
1155,2016/07/04,"1,716.83",-2.37,-0.14%
1156,2016/07/03,"1,719.20",-4.03,-0.23%
1157,2016/06/30,"1,723.23",-1.36,-0.08%
1158,2016/06/29,"1,724.59",0.40,0.02%
1159,2016/06/28,"1,724.19",11.35,0.66%
1160,2016/06/27,"1,712.84",27.67,1.64%
1161,2016/06/26,"1,685.17",18.88,1.1331%
1162,2016/06/23,"1,666.29",18.78,1.14%
1163,2016/06/22,"1,647.51",18.70,1.15%
1164,2016/06/21,"1,628.81",13.71,0.85%
1165,2016/06/20,"1,615.10",-7.17,-0.44%
1166,2016/06/19,"1,622.27",-10.67,-0.65%
1167,2016/06/16,"1,632.94",12.47,0.7695%
1168,2016/06/15,"1,620.47",6.32,0.39%
1169,2016/06/14,"1,614.15",4.56,0.28%
1170,2016/06/13,"1,609.59",11.63,0.73%
1171,2016/06/12,"1,597.96",31.26,2%
1172,2016/06/09,"1,566.70",19.90,1.2865%
1173,2016/06/08,"1,546.80",15.31,1%
1174,2016/06/07,"1,531.49",14.69,0.9685%
1175,2016/06/06,"1,516.80",33.66,2.27%
1176,2016/06/05,"1,483.14",-34.98,-2.3%
1177,2016/06/02,"1,518.12",-5.44,-0.36%
1178,2016/06/01,"1,523.56",-8.56,-0.56%
1179,2016/05/31,"1,532.12",5.16,0.34%
1180,2016/05/30,"1,526.96",4.71,0.31%
1181,2016/05/29,"1,522.25",-2.84,-0.19%
1182,2016/05/26,"1,525.09",0.97,0.0636%
1183,2016/05/25,"1,524.12",-20.41,-1.3214%
1184,2016/05/24,"1,544.53",20.46,1.34%
1185,2016/05/23,"1,524.07",14.68,0.9726%
1186,2016/05/22,"1,509.39",10.07,0.6716%
1187,2016/05/19,"1,499.32",2.91,0.19%
1188,2016/05/18,"1,496.41",12.73,0.86%
1189,2016/05/17,"1,483.68",16.17,1.1%
1190,2016/05/16,"1,467.51",-9.87,-0.67%
1191,2016/05/15,"1,477.38",-4.56,-0.31%
1192,2016/05/12,"1,481.94",0.76,0.05%
1193,2016/05/11,"1,481.18",-2.86,-0.19%
1194,2016/05/10,"1,484.04",1.14,0.0769%
1195,2016/05/09,"1,482.90",10.21,0.6933%
1196,2016/05/08,"1,472.69",9.56,0.65%
1197,2016/05/05,"1,463.13",-4.98,-0.34%
1198,2016/05/04,"1,468.11",-3.84,-0.26%
1199,2016/05/03,"1,471.95",-2.52,-0.17%
1200,2016/05/02,"1,474.47",9.56,0.65%
1201,2016/04/28,"1,464.91",6.53,0.45%
1202,2016/04/27,"1,458.38",5.27,0.36%
1203,2016/04/26,"1,453.11",-8.64,-0.59%
1204,2016/04/25,"1,461.75",7.40,0.51%
1205,2016/04/24,"1,454.35",12.68,0.88%
1206,2016/04/21,"1,441.67",0.98,0.07%
1207,2016/04/20,"1,440.69",9.88,0.6905%
1208,2016/04/19,"1,430.81",2.21,0.1547%
1209,2016/04/18,"1,428.60",19.17,1.36%
1210,2016/04/17,"1,409.43",3.65,0.2596%
1211,2016/04/14,"1,405.78",17.15,1.24%
1212,2016/04/12,"1,388.63",4.78,0.35%
1213,2016/04/11,"1,383.85",1.43,0.1%
1214,2016/04/10,"1,382.42",5.00,0.363%
1215,2016/04/06,"1,377.42",2.16,0.16%
1216,2016/04/05,"1,375.26",12.73,0.9343%
1217,2016/04/04,"1,362.53",10.99,0.81%
1218,2016/04/03,"1,351.54",-3.94,-0.29%
1219,2016/03/31,"1,355.48",-7.50,-0.5503%
1220,2016/03/30,"1,362.98",-7.06,-0.52%
1221,2016/03/29,"1,370.04",-4.71,-0.34%
1222,2016/03/28,"1,374.75",-2.58,-0.19%
1223,2016/03/27,"1,377.33",20.19,1.49%
1224,2016/03/24,"1,357.14",11.61,0.8629%
1225,2016/03/23,"1,345.53",3.46,0.2578%
1226,2016/03/21,"1,342.07",-1.86,-0.1384%
1227,2016/03/20,"1,343.93",17.40,1.3117%
1228,2016/03/17,"1,326.53",10.76,0.8178%
1229,2016/03/16,"1,315.77",2.92,0.2224%
1230,2016/03/15,"1,312.85",0.65,0.0495%
1231,2016/03/14,"1,312.20",-6.68,-0.5065%
1232,2016/03/13,"1,318.88",0.85,0.0645%
1233,2016/03/10,"1,318.03",11.49,0.8794%
1234,2016/03/06,"1,306.54",5.78,0.4444%
1235,2016/03/03,"1,300.76",4.98,0.3843%
1236,2016/03/02,"1,295.78",6.26,0.4855%
1237,2016/03/01,"1,289.52",5.58,0.4346%
1238,2016/02/29,"1,283.94",0.27,0.021%
1239,2016/02/28,"1,283.67",0.15,0.0117%
1240,2016/02/25,"1,283.52",3.62,0.2828%
1241,2016/02/24,"1,279.90",-6.03,-0.4689%
1242,2016/02/23,"1,285.93",-5.88,-0.46%
1243,2016/02/22,"1,291.81",12.89,1.0079%
1244,2016/02/21,"1,278.92",5.64,0.443%
1245,2016/02/18,"1,273.28",7.20,0.5687%
1246,2016/02/17,"1,266.08",8.74,0.6951%
1247,2016/02/16,"1,257.34",-0.89,-0.0707%
1248,2016/02/15,"1,258.23",-1.12,-0.0889%
1249,2016/02/14,"1,259.35",-4.37,-0.3458%
1250,2016/02/11,"1,263.72",-0.03,-0.0024%
1251,2016/02/08,"1,263.75",0.93,0.0736%
1252,2016/02/07,"1,262.82",11.40,0.911%
1253,2016/02/04,"1,251.42",9.29,0.7479%
1254,2016/02/03,"1,242.13",2.06,0.17%
1255,2016/02/02,"1,240.07",2.05,0.17%
1256,2016/02/01,"1,238.02",17.32,1.4189%
1257,2016/01/31,"1,220.70",4.59,0.3774%
1258,2016/01/28,"1,216.11",-0.85,-0.0698%
1259,2016/01/27,"1,216.96",-1.43,-0.12%
1260,2016/01/26,"1,218.39",-4.04,-0.3305%
1261,2016/01/25,"1,222.43",2.81,0.2304%
1262,2016/01/24,"1,219.62",7.30,0.6022%
1263,2016/01/21,"1,212.32",-1.25,-0.1%
1264,2016/01/20,"1,213.57",-0.14,-0.0115%
1265,2016/01/19,"1,213.71",-0.60,-0.05%
1266,2016/01/18,"1,214.31",2.31,0.1906%
1267,2016/01/17,"1,209.67",19.51,1.6393%
1268,2016/01/14,"1,190.16",9.18,0.7773%
1269,2016/01/13,"1,180.98",7.38,0.6288%
1270,2016/01/12,"1,173.60",4.79,0.4098%
1271,2016/01/11,"1,168.81",1.63,0.1397%
1272,2016/01/10,"1,167.18",3.04,0.2611%
1273,2016/01/07,"1,164.14",14.25,1.24%
1274,2016/01/06,"1,149.89",3.12,0.2721%
1275,2016/01/05,"1,146.77",-7.85,-0.6799%
1276,2016/01/04,"1,154.62",-6.22,-0.5358%
1277,2016/01/03,"1,160.84",9.46,0.82%
1278,2015/12/31,"1,151.38",9.21,0.8064%
1279,2015/12/29,"1,142.17",10.22,0.9%
1280,2015/12/28,"1,131.95",-3.52,-0.31%
1281,2015/12/27,"1,135.47",-1.56,-0.14%
1282,2015/12/24,"1,137.03",3.69,0.3256%
1283,2015/12/23,"1,133.34",-4.84,-0.43%
1284,2015/12/22,"1,138.18",6.66,0.5886%
1285,2015/12/21,"1,131.52",12.57,1.1234%
1286,2015/12/20,"1,118.95",8.27,0.74%
1287,2015/12/17,"1,110.68",-5.51,-0.49%
1288,2015/12/16,"1,116.19",-4.83,-0.4309%
1289,2015/12/15,"1,121.02",0.84,0.075%
1290,2015/12/14,"1,120.18",1.61,0.1439%
1291,2015/12/13,"1,118.57",-0.78,-0.0697%
1292,2015/12/10,"1,119.35",-3.44,-0.3064%
1293,2015/12/09,"1,122.79",15.56,1.4053%
1294,2015/12/08,"1,107.23",-0.71,-0.0641%
1295,2015/12/07,"1,107.94",5.10,0.4624%
1296,2015/12/06,"1,102.84",29.90,2.7867%
1297,2015/12/03,"1,072.94",10.16,0.96%
1298,2015/12/02,"1,062.78",-3.60,-0.3376%
1299,2015/12/01,"1,066.38",32.26,3.12%
1300,2015/11/30,"1,034.12",11.35,1.1097%
1301,2015/11/29,"1,022.77",-21.24,-2.0345%
1302,2015/11/26,"1,044.01",-12.41,-1.1747%
1303,2015/11/25,"1,056.42",-10.27,-0.9628%
1304,2015/11/24,"1,066.69",-9.11,-0.8468%
1305,2015/11/23,"1,075.80",4.42,0.4126%
1306,2015/11/22,"1,071.38",-23.19,-2.1186%
1307,2015/11/19,"1,094.57",-4.68,-0.4257%
1308,2015/11/18,"1,099.25",5.07,0.4634%
1309,2015/11/16,"1,094.18",-5.91,-0.54%
1310,2015/11/15,"1,100.09",-9.20,-0.8294%
1311,2015/11/10,"1,109.29",1.86,0.168%
1312,2015/11/09,"1,107.43",20.86,1.9198%
1313,2015/11/08,"1,086.57",-4.11,-0.3768%
1314,2015/11/05,"1,090.68",-1.62,-0.1483%
1315,2015/11/04,"1,092.30",6.43,0.5922%
1316,2015/11/03,"1,086.20",-5.63,-0.5156%
1317,2015/11/02,"1,091.83",3.53,0.3244%
1318,2015/11/01,"1,088.30",-3.74,-0.3425%
1319,2015/10/29,"1,092.04",7.67,0.7073%
1320,2015/10/28,"1,084.37",-7.36,-0.6742%
1321,2015/10/27,"1,091.73",-29.32,-2.6154%
1322,2015/10/25,"1,121.05",-6.37,-0.565%
1323,2015/10/19,"1,127.42",7.59,0.6778%
1324,2015/10/18,"1,119.83",-14.64,-1.2905%
1325,2015/10/15,"1,134.47",-0.62,-0.0546%
1326,2015/10/14,"1,135.09",-8.79,-0.7684%
1327,2015/10/11,"1,143.88",-18.18,-1.5645%
1328,2015/10/08,"1,162.06",12.61,1.0971%
1329,2015/10/07,"1,149.45",-9.34,-0.806%
1330,2015/10/06,"1,158.79",-12.48,-1.0655%
1331,2015/10/05,"1,171.27",-12.21,-1.0317%
1332,2015/10/04,"1,183.48",4.74,0.4021%
1333,2015/10/01,"1,178.74",-2.54,-0.22%
1334,2015/09/30,"1,181.28",11.98,1.0245%
1335,2015/09/29,"1,169.30",9.21,0.7939%
1336,2015/09/28,"1,160.09",-16.77,-1.425%
1337,2015/09/24,"1,176.86",-6.50,-0.5493%
1338,2015/09/23,"1,183.36",27.28,2.3597%
1339,2015/09/22,"1,156.08",-39.94,-3.34%
1340,2015/09/17,"1,196.02",-6.79,-0.5645%
1341,2015/09/16,"1,202.81",-3.03,-0.2513%
1342,2015/09/15,"1,205.84",11.73,0.9823%
1343,2015/09/14,"1,194.11",10.18,0.8598%
1344,2015/09/13,"1,183.93",15.22,1.3023%
1345,2015/09/10,"1,168.71",-4.45,-0.3793%
1346,2015/09/09,"1,173.16",-1.53,-0.1302%
1347,2015/09/08,"1,174.69",3.72,0.3177%
1348,2015/09/07,"1,170.97",4.28,0.3669%
1349,2015/09/06,"1,166.69",-2.71,-0.2317%
1350,2015/09/03,"1,169.40",-6.86,-0.5832%
1351,2015/09/02,"1,176.26",-15.08,-1.2658%
1352,2015/09/01,"1,191.34",-8.81,-0.73%
1353,2015/08/31,"1,200.15",16.39,1.3846%
1354,2015/08/27,"1,183.76",8.19,0.6967%
1355,2015/08/26,"1,175.57",-5.84,-0.4943%
1356,2015/08/25,"1,181.41",-0.34,-0.0288%
1357,2015/08/24,"1,181.75",-2.92,-0.2465%
1358,2015/08/23,"1,184.67",-16.25,-1.3531%
1359,2015/08/20,"1,200.92",9.00,0.7551%
1360,2015/08/19,"1,191.92",31.99,2.7579%
1361,2015/08/18,"1,159.93",2.33,0.2013%
1362,2015/08/17,"1,157.60",45.55,4.096%
1363,2015/08/16,"1,112.05",23.63,2.171%
1364,2015/08/13,"1,088.42",11.23,1.0425%
1365,2015/08/12,"1,077.19",-0.59,-0.0547%
1366,2015/08/11,"1,077.78",-3.58,-0.3311%
1367,2015/08/10,"1,081.36",17.95,1.688%
1368,2015/08/09,"1,063.41",23.05,2.22%
1369,2015/08/06,"1,040.36",6.34,0.61%
1370,2015/08/04,"1,029.92",-0.48,-0.05%
1371,2015/08/03,"1,030.40",-3.74,-0.3617%
1372,2015/07/30,"1,027.98",6.65,0.65%
1373,2015/07/29,"1,021.33",-6.81,-0.6624%
1374,2015/07/28,"1,028.14",-18.26,-1.745%
1375,2015/07/27,"1,046.40",-7.55,-0.72%
1376,2015/07/26,"1,053.95",50.57,5.04%
1377,2015/07/23,"1,003.38",40.11,4.16%
1378,2015/07/22,963.27,2.04,0.2122%
1379,2015/07/16,961.23,10.51,1.11%
1380,2015/07/15,950.72,4.26,0.45%
1381,2015/07/14,946.46,2.46,0.26%
1382,2015/07/13,944.00,-0.96,-0.1016%
1383,2015/07/12,944.96,1.53,0.16%
1384,2015/07/09,943.43,0.27,0.0286%
1385,2015/07/08,943.16,1.80,0.1912%
1386,2015/07/07,941.36,4.60,0.49%
1387,2015/07/06,936.76,-1.26,-0.1343%
1388,2015/07/05,938.02,-0.94,-0.1%
1389,2015/07/02,938.96,-6.82,-0.7211%
1390,2015/07/01,945.78,-3.35,-0.353%
1391,2015/06/30,949.13,2.80,0.2959%
1392,2015/06/29,946.33,8.33,0.8881%
1393,2015/06/28,938.00,7.62,0.819%
1394,2015/06/25,930.38,2.25,0.2424%
1395,2015/06/24,928.13,2.04,0.2203%
1396,2015/06/23,926.09,3.62,0.3924%
1397,2015/06/22,922.47,4.50,0.49%
1398,2015/06/21,917.97,-6.63,-0.72%
1399,2015/06/18,924.60,-3.25,-0.3503%
1400,2015/06/17,927.85,-2.85,-0.3062%
1401,2015/06/16,930.70,-3.03,-0.32%
1402,2015/06/15,933.73,5.38,0.58%
1403,2015/06/14,928.35,-9.61,-1.02%
1404,2015/06/11,937.96,-17.70,-1.85%
1405,2015/06/10,955.66,-10.93,-1.13%
1406,2015/06/09,966.59,21.10,2.23%
1407,2015/06/08,945.49,14.32,1.54%
1408,2015/06/07,931.17,4.33,0.47%
1409,2015/06/04,926.84,1.35,0.15%
1410,2015/06/02,901.98,11.55,1.3%
1411,2015/06/01,890.43,18.49,2.1206%
1412,2015/05/31,871.94,29.98,3.5607%
1413,2015/05/28,841.96,4.13,0.49%
1414,2015/05/27,837.83,-22.14,-2.5745%
1415,2015/05/26,859.97,-20.56,-2.335%
1416,2015/05/25,880.53,-29.29,-3.22%
1417,2015/05/24,909.82,-28.37,-3.0239%
1418,2015/04/23,938.19,-3.83,-0.4066%
1419,2015/04/22,942.02,-3.10,-0.33%
1420,2015/04/21,945.12,0.14,0.01%
1421,2015/04/20,944.98,-0.72,-0.08%
1422,2015/04/19,945.70,-4.22,-0.44%
1423,2015/04/16,949.92,5.79,0.61%
1424,2015/04/15,944.13,-4.23,-0.45%
1425,2015/04/13,948.36,-3.67,-0.39%
1426,2015/04/12,952.03,5.14,0.54%
1427,2015/04/09,946.89,4.74,0.5%
1428,2015/04/08,942.15,6.62,0.71%
1429,2015/04/07,935.53,-2.59,-0.28%
1430,2015/04/06,938.12,3.87,0.41%
1431,2015/04/05,934.25,-5.84,-0.62%
1432,2015/04/02,940.09,0.55,0.06%
1433,2015/04/01,939.54,-6.20,-0.66%
1434,2015/03/31,945.74,6.64,0.71%
1435,2015/03/30,939.10,-3.20,-0.34%
1436,2015/03/29,942.30,-0.10,-0.01%
1437,2015/03/26,942.40,-8.89,-0.93%
1438,2015/03/25,951.29,-2.55,-0.27%
1439,2015/03/24,953.84,-2.75,-0.29%
1440,2015/03/23,956.59,-7.53,-0.78%
1441,2015/03/22,964.12,-3.50,-0.36%
1442,2015/03/19,967.62,3.38,0.35%
1443,2015/03/18,964.24,0.78,0.08%
1444,2015/03/17,963.46,4.32,0.45%
1445,2015/03/16,959.14,-11.54,-1.19%
1446,2015/03/15,970.68,-7.76,-0.79%
1447,2015/03/12,978.44,-5.62,-0.57%
1448,2015/03/11,984.06,-0.37,-0.0376%
1449,2015/03/10,984.43,-4.34,-0.44%
1450,2015/03/09,988.77,5.28,0.5369%
1451,2015/03/04,983.49,2.07,0.2109%
1452,2015/03/03,981.42,-3.43,-0.3483%
1453,2015/03/02,984.85,9.18,0.9409%
1454,2015/03/01,975.67,-3.60,-0.3676%
1455,2015/02/26,979.27,8.65,0.8912%
1456,2015/02/25,970.62,-0.15,-0.0155%
1457,2015/02/24,970.77,-3.18,-0.3265%
1458,2015/02/23,973.95,2.48,0.2553%
1459,2015/02/22,971.47,-11.18,-1.1377%
1460,2015/02/18,982.65,-4.40,-0.4458%
1461,2015/02/16,987.05,-2.82,-0.2849%
1462,2015/02/15,989.87,5.36,0.5444%
1463,2015/02/12,984.51,3.50,0.3568%
1464,2015/02/11,981.01,0.47,0.0479%
1465,2015/02/10,980.54,-0.16,-0.0163%
1466,2015/02/09,980.70,-5.32,-0.5395%
1467,2015/02/08,986.02,1.80,0.18%
1468,2015/02/05,984.22,-2.81,-0.28%
1469,2015/02/04,987.03,-0.52,-0.0527%
1470,2015/02/03,987.55,-3.21,-0.32%
1471,2015/02/02,990.76,-0.68,-0.07%
1472,2015/02/01,991.44,4.78,0.48%
1473,2015/01/29,986.66,-1.41,-0.14%
1474,2015/01/28,988.07,12.93,1.33%
1475,2015/01/27,975.14,6.51,0.67%
1476,2015/01/26,968.63,-0.42,-0.04%
1477,2015/01/25,969.05,9.81,1.02%
1478,2015/01/22,959.24,-3.56,-0.37%
1479,2015/01/20,962.80,-12.65,-1.3%
1480,2015/01/19,975.45,30.09,3.18%
1481,2015/01/18,945.36,5.83,0.62%
1482,2015/01/14,939.53,2.05,0.22%
1483,2015/01/13,937.48,9.68,1.04%
1484,2015/01/12,927.80,-0.53,-0.06%
1485,2015/01/11,928.33,-2.64,-0.28%
1486,2015/01/08,930.97,6.43,0.7%
1487,2015/01/07,924.54,7.13,0.78%
1488,2015/01/06,917.41,-2.36,-0.26%
1489,2015/01/05,919.77,2.27,0.25%
1490,2015/01/04,917.50,13.82,1.53%
1491,2015/01/01,903.68,1.35,0.15%
1492,2014/12/31,902.33,-4.90,-0.54%
1493,2014/12/29,907.23,3.51,0.39%
1494,2014/12/28,903.72,15.92,1.79%
1495,2014/12/24,887.80,10.59,1.21%
1496,2014/12/23,877.21,-8.23,-0.93%
1497,2014/12/22,885.44,-11.17,-1.25%
1498,2014/12/21,896.61,-7.28,-0.81%
1499,2014/12/18,903.89,3.49,0.39%
1500,2014/12/17,900.40,-9.80,-1.08%
1501,2014/12/16,910.20,-6.54,-0.71%
1502,2014/12/15,916.74,6.73,0.74%
1503,2014/12/14,910.01,39.38,4.52%
1504,2014/12/11,870.63,15.12,1.77%
1505,2014/12/10,855.51,6.78,0.8%
1506,2014/12/09,848.73,0.32,0.04%
1507,2014/12/08,848.41,-2.47,-0.29%
1508,2014/12/07,850.88,-2.88,-0.34%
1509,2014/12/04,853.76,3.60,0.42%
1510,2014/12/03,850.16,3.75,0.44%
1511,2014/12/02,846.41,-5.02,-0.59%
1512,2014/12/01,851.43,-5.45,-0.64%
1513,2014/11/30,856.88,-6.13,-0.71%
1514,2014/11/25,863.01,-1.30,-0.15%
1515,2014/11/24,864.31,-4.84,-0.56%
1516,2014/11/23,869.15,6.65,0.77%
1517,2014/11/20,862.50,8.55,1%
1518,2014/11/19,853.95,9.89,1.17%
1519,2014/11/18,844.06,-4.12,-0.49%
1520,2014/11/17,848.18,-17.98,-2.08%
1521,2014/11/16,866.16,-14.88,-1.69%
1522,2014/11/13,881.04,-3.31,-0.37%
1523,2014/11/12,884.35,-8.17,-0.92%
1524,2014/11/11,892.52,7.78,0.88%
1525,2014/11/10,884.74,-10.67,-1.19%
1526,2014/11/09,895.41,-9.51,-1.05%
1527,2014/11/06,904.92,0.25,0.03%
1528,2014/11/05,904.67,7.21,0.8%
1529,2014/11/04,897.46,-6.57,-0.73%
1530,2014/11/03,904.03,-17.27,-1.87%
1531,2014/11/02,921.30,-8.91,-0.96%
1532,2014/10/30,930.21,-2.87,-0.31%
1533,2014/10/28,934.13,-0.88,-0.09%
1534,2014/10/27,935.01,4.68,0.5%
1535,2014/10/26,930.33,1.34,0.14%
1536,2014/10/22,928.99,4.65,0.5%
1537,2014/10/21,924.34,-1.16,-0.13%
1538,2014/10/20,925.50,-0.35,-0.04%
1539,2014/10/19,925.85,2.26,0.24%
1540,2014/10/16,923.59,0.47,0.05%
1541,2014/10/15,923.12,11.28,1.24%
1542,2014/10/14,911.84,3.01,0.33%
1543,2014/10/13,910.35,-4.69,-0.51%
1544,2014/10/12,915.04,-6.84,-0.74%
1545,2014/10/09,921.88,-3.33,-0.36%
1546,2014/10/08,925.21,-12.78,-1.36%
1547,2014/09/30,937.99,0.68,0.07%
1548,2014/09/29,937.31,20.68,2.26%
1549,2014/09/28,916.63,4.31,0.47%
1550,2014/09/24,912.32,16.31,1.82%
1551,2014/09/23,896.01,14.14,1.6%
1552,2014/09/22,881.87,-1.64,-0.19%
1553,2014/09/21,883.51,-16.38,-1.82%
1554,2014/09/18,899.89,-13.53,-1.48%
1555,2014/09/17,913.42,-6.46,-0.7%
1556,2014/09/16,919.88,10.49,1.15%
1557,2014/09/15,909.39,7.24,0.8%
1558,2014/09/14,902.15,-8.50,-0.93%
1559,2014/09/11,910.65,0.03,0%
1560,2014/09/10,910.62,-9.44,-1.03%
1561,2014/09/09,920.06,44.50,5.08%
1562,2014/09/07,875.56,-46.13,-5%
1563,2014/09/04,921.69,-12.27,-1.31%
1564,2014/09/03,933.96,-12.64,-1.34%
1565,2014/09/01,946.60,-6.00,-0.63%
1566,2014/08/31,952.60,-19.57,-2.01%
1567,2014/08/28,972.17,11.74,1.22%
1568,2014/08/27,960.43,38.57,4.18%
1569,2014/08/26,921.86,-25.98,-2.74%
1570,2014/08/25,947.84,-37.61,-3.82%
1571,2014/08/24,985.45,-12.68,-1.27%
1572,2014/08/21,997.12,1.41,0.14%
1573,2014/08/20,995.71,-17.91,-1.77%
1574,2014/08/19,"1,013.62",0.37,0.04%
1575,2014/08/18,"1,013.25",-21.14,-2.04%
1576,2014/08/14,"1,034.39",8.18,0.8%
1577,2014/08/13,"1,026.21",4.35,0.43%
1578,2014/08/12,"1,021.86",18.73,1.8%
1579,2014/08/07,"1,040.59",0.63,0.06%
1580,2014/08/06,"1,041.22",3.52,0.34%
1581,2014/08/05,"1,044.74",5.71,0.55%
1582,2014/08/04,"1,039.03",17.40,1.65%
1583,2014/08/03,"1,056.43",9.66,0.91%
1584,2014/07/31,"1,066.09",3.65,0.3435%
1585,2014/07/30,"1,062.44",-10.38,-0.9675%
1586,2014/07/28,"1,072.82",-1.11,-0.1034%
1587,2014/07/27,"1,073.93",-5.16,-0.4782%
1588,2014/07/24,"1,079.09",-2.42,-0.2238%
1589,2014/07/23,"1,081.51",3.86,0.3582%
1590,2014/07/22,"1,077.65",-5.90,-0.5445%
1591,2014/07/21,"1,083.55",8.58,0.7982%
1592,2014/07/20,"1,074.97",29.08,2.7804%
1593,2014/07/17,"1,045.89",9.78,0.9439%
1594,2014/07/16,"1,036.11",10.42,1.0159%
1595,2014/07/15,"1,025.69",-3.25,-0.3159%
1596,2014/07/14,"1,028.94",-8.04,-0.7753%
1597,2014/07/13,"1,036.98",13.51,1.32%
1598,2014/07/10,"1,023.47",0.00,0%
1599,2014/07/09,"1,016.50",1.83,0.1804%
1600,2014/07/08,"1,014.67",19.48,1.9574%
1601,2014/07/07,995.19,8.85,0.8973%
1602,2014/07/06,986.34,13.49,1.3867%
1603,2014/07/03,972.85,0.00,0%
1604,2014/07/02,972.48,15.88,1.6601%
1605,2014/07/01,956.60,10.78,1.1398%
1606,2014/06/30,945.82,2.34,0.248%
1607,2014/06/29,943.48,7.17,0.7658%
1608,2014/06/26,937.05,13.48,1.4596%
1609,2014/06/25,932.19,8.62,0.9333%
1610,2014/06/24,923.55,5.97,0.6506%
1611,2014/06/23,917.58,-8.92,-0.9628%
1612,2014/06/19,926.50,-5.72,-0.0004%
1613,2014/06/18,932.22,-3.27,-0.3495%
1614,2014/06/17,935.49,-3.36,-0.3577%
1615,2014/06/16,938.85,11.29,1.2168%
1616,2014/06/15,927.56,28.03,2.5367%
1617,2014/06/12,904.61,5.08,-0.0002%
1618,2014/06/11,899.53,4.51,0.5042%
1619,2014/06/10,895.02,9.81,1.1084%
1620,2014/06/09,885.21,2.05,0.2265%
1621,2014/06/08,883.21,0.27,0.4412%
1622,2014/06/05,879.33,-3.61,0.0001%
1623,2014/06/04,882.94,-1.76,-0.1987%
1624,2014/06/03,884.70,4.53,0.5145%
1625,2014/06/02,880.17,10.99,1.2648%
1626,2014/06/01,869.18,2.61,0.3014%
1627,2014/05/30,866.57,9.38,0.0001%
1628,2014/05/28,866.57,9.38,0.0001%
1629,2014/05/27,856.52,-4.08,-0.4736%
1630,2014/05/26,860.60,0.00,-0.4736%
1631,2014/05/25,861.47,9.41,1.1045%
1632,2014/05/22,852.06,3.59,0.4235%
1633,2014/05/21,848.47,4.05,0.4792%
1634,2014/05/20,844.42,-0.07,-0.0079%
1635,2014/05/19,844.49,-5.18,-0.6091%
1636,2014/05/18,849.67,-3.53,-0.4141%
1637,2014/05/15,853.20,1.14,0.1333%
1638,2014/05/13,852.06,-0.62,-0.0729%
1639,2014/05/12,852.68,3.05,0.3594%
1640,2014/05/11,849.63,-7.13,-0.8319%
1641,2014/05/08,856.76,-9.49,-1.0951%
1642,2014/05/07,866.25,4.75,0.5517%
1643,2014/05/06,861.50,14.72,1.73%
1644,2014/05/05,861.50,14.72,1.74%
1645,2014/05/04,830.71,7.47,0.9%
1646,2014/04/30,823.24,6.99,0.86%
1647,2014/04/29,816.25,2.09,0.26%
1648,2014/04/28,814.16,-4.46,-0.54%
1649,2014/04/27,818.62,-1.76,-0.21%
1650,2014/04/23,820.38,4.91,0.6%
1651,2014/04/22,815.47,7.38,0.91%
1652,2014/04/21,808.09,-0.36,-0.04%
1653,2014/04/20,808.45,-2.67,-0.33%
1654,2014/04/17,811.12,-0.34,-0.04%
1655,2014/04/16,811.46,-7.12,-0.87%
1656,2014/04/15,818.58,0.93,0.11%
1657,2014/04/13,817.65,6.29,0.77%
1658,2014/04/10,811.34,9.62,1.2%
1659,2014/04/09,801.72,5.79,0.73%
1660,2014/04/07,795.93,-1.42,-0.18%
1661,2014/04/06,797.35,-3.23,-0.4%
1662,2014/04/03,800.58,-2.38,-0.3%
1663,2014/04/02,802.96,1.97,0.24%
1664,2014/04/01,800.99,8.80,1.11%
1665,2014/03/31,792.19,9.04,1.15%
1666,2014/03/27,783.15,2.13,0.27%
1667,2014/03/26,781.02,0.53,0.07%
1668,2014/03/25,780.49,-2.27,-0.29%
1669,2014/03/24,782.76,8.00,1.03%
1670,2014/03/23,774.76,-0.52,-0.07%
1671,2014/03/20,775.28,10.37,1.36%
1672,2014/03/19,764.91,9.92,1.31%
1673,2014/03/18,754.99,-13.55,-1.76%
1674,2014/03/17,768.54,-14.54,-1.86%
1675,2014/03/13,783.08,2.57,0.32%
1676,2014/03/12,780.51,-7.48,-0.94%
1677,2014/03/11,787.99,-5.58,-0.7%
1678,2014/03/10,793.57,-2.93,-0.37%
1679,2014/03/09,796.50,-9.15,-1.13%
1680,2014/03/06,805.65,-4.82,-0.6%
1681,2014/03/05,810.47,10.42,1.3%
1682,2014/03/04,800.05,-10.99,-1.36%
1683,2014/03/03,811.04,-14.66,-1.78%
1684,2014/02/26,825.70,-3.74,-0.45%
1685,2014/02/25,829.44,-0.45,-0.05%
1686,2014/02/24,829.89,-1.97,-0.24%
1687,2014/02/23,831.86,9.19,1.11%
1688,2014/02/20,822.67,8.11,1%
1689,2014/02/18,814.56,10.83,1.34%
1690,2014/02/17,803.73,2.41,0.3%
1691,2014/02/16,801.32,-1.78,-0.22%
1692,2014/02/13,803.10,4.77,0.6%
1693,2014/02/12,798.33,1.78,0.22%
1694,2014/02/11,796.55,-6.58,-0.82%
1695,2014/02/10,803.13,19.13,2.44%
1696,2014/02/09,784.00,-1.78,-0.23%
1697,2014/02/06,785.78,4.40,0.56%
1698,2014/02/05,781.38,6.47,0.83%
1699,2014/02/04,774.91,5.40,0.7%
1700,2014/02/03,769.51,-6.41,-0.83%
1701,2014/02/02,775.92,-5.54,-0.7%
